"department","isoweek","seasonal_profile","total_cases","cases"
"antioquia",1,0.0191433373321572,101912,1950.9357941948
"antioquia",2,0.0202813585530247,101912,2066.91381285585
"antioquia",3,0.0182892698602763,101912,1863.89607000048
"antioquia",4,0.0160334292050972,101912,1633.99883714987
"antioquia",5,0.0170105716672452,101912,1733.58137975229
"antioquia",6,0.0159394775482012,101912,1624.42403589228
"antioquia",7,0.0149058406235735,101912,1519.08402962962
"antioquia",8,0.014159958914795,101912,1443.06973292459
"antioquia",9,0.0160270546567162,101912,1633.34919417526
"antioquia",10,0.0145522899974557,101912,1483.05297822071
"antioquia",11,0.0135018143041119,101912,1375.99689936065
"antioquia",12,0.0125269633149476,101912,1276.64788535294
"antioquia",13,0.0133916822716381,101912,1364.77312366718
"antioquia",14,0.0148205813127639,101912,1510.3950827464
"antioquia",15,0.0137425069458486,101912,1400.52636786532
"antioquia",16,0.0154863505028043,101912,1578.24495244179
"antioquia",17,0.0161827924118059,101912,1649.22074027196
"antioquia",18,0.0161972602119112,101912,1650.6951827163
"antioquia",19,0.0182154248165238,101912,1856.37037390158
"antioquia",20,0.0191299947766771,101912,1949.57602768072
"antioquia",21,0.0201652665162426,101912,2055.08264120331
"antioquia",22,0.0213429256547622,101912,2175.10023932813
"antioquia",23,0.0227708841072527,101912,2320.62634113834
"antioquia",24,0.0214756580385109,101912,2188.62726202072
"antioquia",25,0.0210485728273893,101912,2145.1021539849
"antioquia",26,0.0221119927646849,101912,2253.47740663457
"antioquia",27,0.0244190745008394,101912,2488.59672052954
"antioquia",28,0.0227352030930283,101912,2316.9900176167
"antioquia",29,0.0204741063608606,101912,2086.55712744803
"antioquia",30,0.0198360526820881,101912,2021.53180093696
"antioquia",31,0.0212280690347544,101912,2163.39497146989
"antioquia",32,0.0206420771607628,101912,2103.67536760766
"antioquia",33,0.0204307591200077,101912,2082.13952343823
"antioquia",34,0.0214319821657635,101912,2184.17616647729
"antioquia",35,0.021096702547223,101912,2150.00714999259
"antioquia",36,0.0211698872101184,101912,2157.46554535759
"antioquia",37,0.0190299021336497,101912,1939.37538624451
"antioquia",38,0.0210336619801785,101912,2143.58255972396
"antioquia",39,0.0206625179981423,101912,2105.75853422668
"antioquia",40,0.0212647639273654,101912,2167.13462136566
"antioquia",41,0.0197033797637443,101912,2008.01083848271
"antioquia",42,0.0208210463187254,101912,2121.91447243394
"antioquia",43,0.0187133630264774,101912,1907.11625275436
"antioquia",44,0.0173589123591155,101912,1769.08147634218
"antioquia",45,0.017265412293892,101912,1759.55269769512
"antioquia",46,0.0181117364931733,101912,1845.80328949228
"antioquia",47,0.0176557694435644,101912,1799.33477553254
"antioquia",48,0.0169067389373668,101912,1722.99957858492
"antioquia",49,0.0193504127995138,101912,1972.03926922405
"antioquia",50,0.0185651567528548,101912,1892.01225499694
"antioquia",51,0.0179895294854074,101912,1833.34892891684
"antioquia",52,0.0170307546351399,101912,1735.63826637637
"antioquia",53,0.0366197686398256,101912,3731.99386162191
"atlantico",1,0.0392818192699317,64388,2529.27777915236
"atlantico",2,0.0372610324016385,64388,2399.1633542767
"atlantico",3,0.0326816443431616,64388,2104.30571596749
"atlantico",4,0.0250675011230969,64388,1614.04626231396
"atlantico",5,0.0251629887530526,64388,1620.19451983155
"atlantico",6,0.02019044685025,64388,1300.02249179389
"atlantico",7,0.0174663525870441,64388,1124.62351037459
"atlantico",8,0.0136792199299279,64388,880.777612848195
"atlantico",9,0.0133632439166243,64388,860.432549303608
"atlantico",10,0.0100680697965932,64388,648.262878063041
"atlantico",11,0.00948145992325086,64388,610.492241538277
"atlantico",12,0.00781119818810082,64388,502.947428935435
"atlantico",13,0.00725233090960128,64388,466.963082607407
"atlantico",14,0.00727735687350628,64388,468.574454371322
"atlantico",15,0.00621142413171415,64388,399.941176992811
"atlantico",16,0.00732463629739322,64388,471.618681916555
"atlantico",17,0.00672019100919222,64388,432.699658699868
"atlantico",18,0.00780716272849106,64388,502.687593762082
"atlantico",19,0.00709832447599168,64388,457.046916360153
"atlantico",20,0.00847529120086417,64388,545.707049841242
"atlantico",21,0.00795300035191165,64388,512.077786658887
"atlantico",22,0.00866408086404639,64388,557.862838674219
"atlantico",23,0.00951308961670945,64388,612.528814240688
"atlantico",24,0.0096008045529932,64388,618.176603558126
"atlantico",25,0.00855667021594296,64388,550.946881864135
"atlantico",26,0.00920497135414501,64388,592.689695550689
"atlantico",27,0.0108029771130974,64388,695.582090358118
"atlantico",28,0.0123346816934862,64388,794.205484880189
"atlantico",29,0.0125432545794373,64388,807.635075860809
"atlantico",30,0.0123037526787115,64388,792.214027476875
"atlantico",31,0.0153252966759271,64388,986.765202369593
"atlantico",32,0.0143413819763432,64388,923.412902692786
"atlantico",33,0.0148264304050982,64388,954.644200923463
"atlantico",34,0.0142300387009894,64388,916.243731879303
"atlantico",35,0.0149531988338116,64388,962.806566511464
"atlantico",36,0.0169141188369433,64388,1089.06628367311
"atlantico",37,0.0184064854151244,64388,1185.15678290903
"atlantico",38,0.018550436185959,64388,1194.42548514153
"atlantico",39,0.0191539476223606,64388,1233.28437950856
"atlantico",40,0.0204988031823046,64388,1319.87693930223
"atlantico",41,0.0216154900217704,64388,1391.77817152175
"atlantico",42,0.0255558756999442,64388,1645.49172456801
"atlantico",43,0.0262278130387078,64388,1688.75642593632
"atlantico",44,0.0289154307372896,64388,1861.8067543126
"atlantico",45,0.033110788337099,64388,2131.93743944913
"atlantico",46,0.0372703033097466,64388,2399.76028950796
"atlantico",47,0.0352956276167172,64388,2272.61487098519
"atlantico",48,0.0355473907698616,64388,2288.82539688985
"atlantico",49,0.03814814971419,64388,2456.28306379726
"atlantico",50,0.0403309666221454,64388,2596.8302788667
"atlantico",51,0.0380245394951263,64388,2448.32404901219
"atlantico",52,0.0326347412124596,64388,2101.28571718785
"atlantico",53,0.0289637678601733,64388,1864.91908498084
"bolivar",1,0.0258044298891786,50551,1304.43973532787
"bolivar",2,0.0261856531768101,50551,1323.71095374093
"bolivar",3,0.0232007450975383,50551,1172.82086542566
"bolivar",4,0.0207453265704143,50551,1048.69700346101
"bolivar",5,0.0199685846603028,50551,1009.43192316297
"bolivar",6,0.0172605264221142,50551,872.536871164296
"bolivar",7,0.0141555910176363,50551,715.579281532532
"bolivar",8,0.0133618702966052,50551,675.455905363688
"bolivar",9,0.0130639992807344,50551,660.398227640402
"bolivar",10,0.010414334600535,50551,526.455028391644
"bolivar",11,0.0101603598631481,50551,513.616351441997
"bolivar",12,0.00801769212120953,50551,405.302354419263
"bolivar",13,0.00835544343192361,50551,422.376020927171
"bolivar",14,0.00876275602102842,50551,442.966079619008
"bolivar",15,0.00946011343939557,50551,478.218194474885
"bolivar",16,0.0104085175033437,50551,526.16096831153
"bolivar",17,0.00851604936698517,50551,430.494811550468
"bolivar",18,0.00959084198111306,50551,484.826652987246
"bolivar",19,0.0104140750022912,50551,526.441905440821
"bolivar",20,0.0128207423945121,50551,648.101348784983
"bolivar",21,0.011840305097914,50551,598.539263004651
"bolivar",22,0.0139048367003327,50551,702.903400038517
"bolivar",23,0.0148959109911476,50551,753.0031965135
"bolivar",24,0.0143824028814234,50551,727.044848058833
"bolivar",25,0.0128300515689707,50551,648.571936863039
"bolivar",26,0.0166788645238069,50551,843.133280542964
"bolivar",27,0.0185358792648706,50551,937.007232718473
"bolivar",28,0.0174503453043129,50551,882.132405478322
"bolivar",29,0.0172070654713341,50551,869.834366641408
"bolivar",30,0.0172369259543074,50551,871.343843916196
"bolivar",31,0.0176336853027202,50551,891.400425737809
"bolivar",32,0.0161623852417137,50551,817.024736353867
"bolivar",33,0.0171761723343384,50551,868.27268767314
"bolivar",34,0.0175986292023678,50551,889.628304808892
"bolivar",35,0.0190911322904605,50551,965.075828415068
"bolivar",36,0.0213837031411415,50551,1080.96757748784
"bolivar",37,0.0199750889035169,50551,1009.76071916168
"bolivar",38,0.0237257479094629,50551,1199.36028257126
"bolivar",39,0.0222530374287117,50551,1124.9132950588
"bolivar",40,0.0257881124614654,50551,1303.61487303954
"bolivar",41,0.0273832346399055,50551,1384.24989428186
"bolivar",42,0.028011125656087,50551,1415.99041304085
"bolivar",43,0.0280618600194422,50551,1418.55508584282
"bolivar",44,0.0291650749538079,50551,1474.32370398994
"bolivar",45,0.0306647734408556,50551,1550.13496220869
"bolivar",46,0.0305362108366907,50551,1543.63599400555
"bolivar",47,0.0292697860327639,50551,1479.61695374225
"bolivar",48,0.0318977971160073,50551,1612.46554201128
"bolivar",49,0.0303810174217754,50551,1535.79081168817
"bolivar",50,0.0282080889627744,50551,1425.94710515721
"bolivar",51,0.0253555431117834,50551,1281.74805984376
"bolivar",52,0.0222598852302596,50551,1125.25945827485
"bolivar",53,0.0223876684667083,50551,1131.71902866057
"boyaca",1,0.0192734808665231,8999,173.442054317841
"boyaca",2,0.0191419996308342,8999,172.258854677877
"boyaca",3,0.0161400635192463,8999,145.244431609698
"boyaca",4,0.0207053320326395,8999,186.327282961723
"boyaca",5,0.020352258524046,8999,183.14997445789
"boyaca",6,0.0228304404968201,8999,205.451134030884
"boyaca",7,0.0252152521279344,8999,226.912053899282
"boyaca",8,0.0179104059913587,8999,161.175743516237
"boyaca",9,0.0193228030736794,8999,173.885904860041
"boyaca",10,0.0239204461984331,8999,215.260095339699
"boyaca",11,0.0228531967990008,8999,205.655917994208
"boyaca",12,0.0221473019374082,8999,199.303570134737
"boyaca",13,0.0206586295877169,8999,185.907007659864
"boyaca",14,0.0203368444373384,8999,183.011263091609
"boyaca",15,0.0225376704683978,8999,202.816496545112
"boyaca",16,0.0245635235073098,8999,221.047148042281
"boyaca",17,0.0282878291387473,8999,254.562174419587
"boyaca",18,0.0237737381310466,8999,213.939869441288
"boyaca",19,0.0280942188829033,8999,252.819875727246
"boyaca",20,0.0296858219948554,8999,267.142712131704
"boyaca",21,0.0206516167825454,8999,185.843899426126
"boyaca",22,0.0260821024491725,8999,234.712839940103
"boyaca",23,0.0248958888939111,8999,224.038104156306
"boyaca",24,0.0211112842264522,8999,189.980446753843
"boyaca",25,0.0165282282833813,8999,148.737526322148
"boyaca",26,0.0180042124871846,8999,162.019908172174
"boyaca",27,0.0193354647185078,8999,173.999847001852
"boyaca",28,0.0160023304022424,8999,144.00497128978
"boyaca",29,0.0171117364327551,8999,153.988516158363
"boyaca",30,0.0159968112499379,8999,143.955304438191
"boyaca",31,0.0148200898629931,8999,133.365988677075
"boyaca",32,0.0156670466431311,8999,140.987752741537
"boyaca",33,0.014610067490603,8999,131.475997347936
"boyaca",34,0.0187990700189272,8999,169.172831100326
"boyaca",35,0.012542883142945,8999,112.873405403362
"boyaca",36,0.0119474275690755,8999,107.51490069411
"boyaca",37,0.0107087879794193,8999,96.3683830267942
"boyaca",38,0.0102938396875559,8999,92.6342633483155
"boyaca",39,0.0115159264566148,8999,103.631822183077
"boyaca",40,0.0135788112648274,8999,122.195722572182
"boyaca",41,0.0152611756128854,8999,137.335319340355
"boyaca",42,0.0142001972375951,8999,127.787574941119
"boyaca",43,0.0139817539589507,8999,125.821803876598
"boyaca",44,0.013817456900073,8999,124.343294643757
"boyaca",45,0.0152512672585436,8999,137.246154059634
"boyaca",46,0.016213822205844,8999,145.90818603039
"boyaca",47,0.0196925051211265,8999,177.212853585018
"boyaca",48,0.0193654322514219,8999,174.269524830545
"boyaca",49,0.0187882786031009,8999,169.075719149305
"boyaca",50,0.0216088943188556,8999,194.458439975382
"boyaca",51,0.0215970137086873,8999,194.351526364477
"boyaca",52,0.0167263642953368,8999,150.520552293736
"boyaca",53,0.0155409551391573,8999,139.853055297277
"caldas",1,0.0200554735269971,7287,146.144235591228
"caldas",2,0.0187362786027903,7287,136.531262178533
"caldas",3,0.0226934249648706,7287,165.366987719012
"caldas",4,0.0224574927113438,7287,163.647749387563
"caldas",5,0.0307282977932504,7287,223.917106019415
"caldas",6,0.014284673739383,7287,104.092417538884
"caldas",7,0.0238740386564039,7287,173.970119689215
"caldas",8,0.0219456169202548,7287,159.917710497897
"caldas",9,0.0233227913581578,7287,169.953180626896
"caldas",10,0.0187157996148206,7287,136.382031793198
"caldas",11,0.0234570946832643,7287,170.931848956947
"caldas",12,0.0203516358694735,7287,148.302370580854
"caldas",13,0.0147573742284094,7287,107.53698600242
"caldas",14,0.0175017809590065,7287,127.53547784828
"caldas",15,0.0188800252513896,7287,137.578744006876
"caldas",16,0.0245178393587711,7287,178.661495407365
"caldas",17,0.0220991621615003,7287,161.036594670853
"caldas",18,0.0195908267578734,7287,142.758354584623
"caldas",19,0.0183760812356619,7287,133.906503964268
"caldas",20,0.021027840788546,7287,153.229875826135
"caldas",21,0.0190083554321973,7287,138.513886034422
"caldas",22,0.0195701110729892,7287,142.607399388872
"caldas",23,0.0174666712761601,7287,127.279633589379
"caldas",24,0.0211218828958208,7287,153.915160661846
"caldas",25,0.0199710630902523,7287,145.529136738668
"caldas",26,0.0232133418596145,7287,169.155622131011
"caldas",27,0.0215905642216577,7287,157.33044148322
"caldas",28,0.0162999925905187,7287,118.77804600711
"caldas",29,0.0202591616383121,7287,147.62851085838
"caldas",30,0.0199318825791756,7287,145.243628354453
"caldas",31,0.0188756776314999,7287,137.54706290074
"caldas",32,0.0149506730029628,7287,108.94555417259
"caldas",33,0.0154552696544772,7287,112.622549972175
"caldas",34,0.0179967545157559,7287,131.142350156313
"caldas",35,0.015769721808964,7287,114.913962821921
"caldas",36,0.0149758233722582,7287,109.128824913645
"caldas",37,0.00955984687959909,7287,69.6626042116386
"caldas",38,0.0131285191524178,7287,95.6675190636682
"caldas",39,0.0161212261168249,7287,117.475374713303
"caldas",40,0.0151231724933317,7287,110.202557958908
"caldas",41,0.0134835013203572,7287,98.2542741214431
"caldas",42,0.0210295215829236,7287,153.242123774764
"caldas",43,0.0195776004735224,7287,142.661974650557
"caldas",44,0.0138264125184266,7287,100.753068021775
"caldas",45,0.0176153989523463,7287,128.363412165748
"caldas",46,0.0146880961943546,7287,107.032156968262
"caldas",47,0.0166539576105257,7287,121.357389107901
"caldas",48,0.0217661631601166,7287,158.61003094777
"caldas",49,0.0170929148838695,7287,124.556070758757
"caldas",50,0.014667622483179,7287,106.882965034925
"caldas",51,0.0156361600262424,7287,113.940698111228
"caldas",52,0.0139410225888747,7287,101.58823160513
"caldas",53,0.0322583677383032,7287,235.066725709016
"cauca",1,0.0162107816309287,10574,171.41280496544
"cauca",2,0.0188948301052904,10574,199.793933533341
"cauca",3,0.0173915271844449,10574,183.898008448321
"cauca",4,0.018988268387609,10574,200.781949930577
"cauca",5,0.0214688620896474,10574,227.011747735931
"cauca",6,0.0233854950687327,10574,247.27822485678
"cauca",7,0.0233113390480874,10574,246.494099094477
"cauca",8,0.0235256260358376,10574,248.759969702947
"cauca",9,0.0230683923371176,10574,243.925180572682
"cauca",10,0.0211563254964056,10574,223.706985798993
"cauca",11,0.0188001406227773,10574,198.792686945247
"cauca",12,0.0193173881464626,10574,204.262062260696
"cauca",13,0.0194380411698689,10574,205.537847330193
"cauca",14,0.0218469444763812,10574,231.009590893255
"cauca",15,0.0240361938255691,10574,254.158713511568
"cauca",16,0.0234378390061908,10574,247.831709651461
"cauca",17,0.0195830554265368,10574,207.0712280802
"cauca",18,0.0258019697077762,10574,272.830027690026
"cauca",19,0.029395528269332,10574,310.828315919917
"cauca",20,0.0267962422382505,10574,283.34346542726
"cauca",21,0.0248461738944109,10574,262.723442759501
"cauca",22,0.0258092090934807,10574,272.906576954465
"cauca",23,0.0203140022326523,10574,214.800259608065
"cauca",24,0.0208311128138111,10574,220.268186893238
"cauca",25,0.0181327425338583,10574,191.735619553018
"cauca",26,0.0164288436314651,10574,173.718592559112
"cauca",27,0.0175119333029932,10574,185.17118274585
"cauca",28,0.0170779328775616,10574,180.582062247337
"cauca",29,0.0147127575452905,10574,155.572698283902
"cauca",30,0.0128920729362008,10574,136.320779227387
"cauca",31,0.0128389728795004,10574,135.759299227837
"cauca",32,0.0112792597401007,10574,119.266892491825
"cauca",33,0.0137355060737402,10574,145.239241223728
"cauca",34,0.0124815542302394,10574,131.979954430551
"cauca",35,0.0113122145843383,10574,119.615357014793
"cauca",36,0.0111237464322762,10574,117.622494774888
"cauca",37,0.0114085770062929,10574,120.634293264541
"cauca",38,0.0158191605566849,10574,167.271803726386
"cauca",39,0.0130157467016838,10574,137.628505623605
"cauca",40,0.0128729823569407,10574,136.118915442291
"cauca",41,0.0133054634833919,10574,140.691970873386
"cauca",42,0.0134969533189014,10574,142.716784394064
"cauca",43,0.0150911543930876,10574,159.573866552508
"cauca",44,0.0152087165790769,10574,160.816969107159
"cauca",45,0.0147721406782318,10574,156.200615531623
"cauca",46,0.0173199292893857,10574,183.140932305965
"cauca",47,0.0178027092361144,10574,188.245847462674
"cauca",48,0.0191499881157432,10574,202.491974335869
"cauca",49,0.0223600230628624,10574,236.434883866707
"cauca",50,0.0234068677251315,10574,247.504219325541
"cauca",51,0.0220796656658342,10574,233.470384750531
"cauca",52,0.0221332903775527,10574,234.037412452242
"cauca",53,0.0335738063779174,10574,355.009428640099
"cesar",1,0.0239761049097161,46085,1104.93879476426
"cesar",2,0.0203742807604722,46085,938.948728846362
"cesar",3,0.0217214947347221,46085,1001.03508484967
"cesar",4,0.0193505781215264,46085,891.771392730542
"cesar",5,0.0184201457381103,46085,848.892416340811
"cesar",6,0.0168738197139127,46085,777.629981515666
"cesar",7,0.0148617963851769,46085,684.905886410877
"cesar",8,0.0136388095053317,46085,628.544536053211
"cesar",9,0.0119456409556604,46085,550.514863441611
"cesar",10,0.0124414363322273,46085,573.363593370693
"cesar",11,0.0108445893382562,46085,499.772899653535
"cesar",12,0.0101452094657957,46085,467.541978231196
"cesar",13,0.0092750067897679,46085,427.438687906454
"cesar",14,0.00913997725774042,46085,421.215851922967
"cesar",15,0.00787036890948299,46085,362.705951193524
"cesar",16,0.0101991906355662,46085,470.029700440068
"cesar",17,0.0102367804344622,46085,471.762026322191
"cesar",18,0.0104720880110825,46085,482.606175990739
"cesar",19,0.0125801802541012,46085,579.757607010256
"cesar",20,0.0117977634097316,46085,543.699926737478
"cesar",21,0.0138964213382732,46085,640.41657737432
"cesar",22,0.016402459753941,46085,755.907357760371
"cesar",23,0.0177312229964435,46085,817.143411791098
"cesar",24,0.0188700781683411,46085,869.627552388
"cesar",25,0.0177635118839735,46085,818.631445172919
"cesar",26,0.0178121153379691,46085,820.871335350305
"cesar",27,0.021583618479497,46085,994.681057627618
"cesar",28,0.0223304236394016,46085,1029.09757342182
"cesar",29,0.0220385269844919,46085,1015.64551608031
"cesar",30,0.0197478723197418,46085,910.080695855299
"cesar",31,0.0204702707337363,46085,943.372426764239
"cesar",32,0.0193389134246236,46085,891.233825173779
"cesar",33,0.017772317185033,46085,819.037237472246
"cesar",34,0.0186177762272613,46085,858.000217433336
"cesar",35,0.0199978724537786,46085,921.601952032389
"cesar",36,0.019387109544517,46085,893.454943359065
"cesar",37,0.0178918349828295,46085,824.545215183696
"cesar",38,0.0204710829164464,46085,943.409856204431
"cesar",39,0.0217556224653286,46085,1002.60786131467
"cesar",40,0.020805011034333,46085,958.798933517237
"cesar",41,0.0229921965130805,46085,1059.59537630532
"cesar",42,0.0244667448928077,46085,1127.54993838504
"cesar",43,0.0241450129319365,46085,1112.72292096829
"cesar",44,0.0247715596247971,46085,1141.59732530877
"cesar",45,0.0271695452827899,46085,1252.10849435737
"cesar",46,0.0269875071095006,46085,1243.71926514133
"cesar",47,0.0258840099985519,46085,1192.86460078326
"cesar",48,0.0251901492287231,46085,1160.8880272057
"cesar",49,0.0273231755766217,46085,1259.18854644861
"cesar",50,0.025378556790891,46085,1169.57078970821
"cesar",51,0.0253569570398099,46085,1168.57536517964
"cesar",52,0.0230383117551544,46085,1061.72059723629
"cesar",53,0.0364469497225317,46085,1679.65767796287
"cordoba",1,0.0263146997596608,34275,901.936334262373
"cordoba",2,0.026771974994711,34275,917.609442943721
"cordoba",3,0.0254569215762632,34275,872.53598702642
"cordoba",4,0.0239597619362998,34275,821.220840366676
"cordoba",5,0.0217813038949595,34275,746.554190999737
"cordoba",6,0.0199625941269822,34275,684.217913702313
"cordoba",7,0.0193026188437778,34275,661.597260870484
"cordoba",8,0.0181871537081736,34275,623.364693347651
"cordoba",9,0.0157838881395988,34275,540.992765984748
"cordoba",10,0.0140662389753882,34275,482.120340881429
"cordoba",11,0.0125062055195716,34275,428.650194183317
"cordoba",12,0.010999079900182,34275,376.993463578736
"cordoba",13,0.00915851666634264,34275,313.908158738894
"cordoba",14,0.00987759973202503,34275,338.554730815158
"cordoba",15,0.0111408295432299,34275,381.851932594204
"cordoba",16,0.00933913713284819,34275,320.098925228372
"cordoba",17,0.00817128330541554,34275,280.070735293118
"cordoba",18,0.010647122848773,34275,364.930135641696
"cordoba",19,0.0135774291529593,34275,465.366384217679
"cordoba",20,0.0138429206504561,34275,474.466105294381
"cordoba",21,0.0139230681831249,34275,477.213161976606
"cordoba",22,0.0144263487765242,34275,494.463104315366
"cordoba",23,0.0166474588164162,34275,570.591650932666
"cordoba",24,0.0164874229631258,34275,565.106422061137
"cordoba",25,0.0168615528169261,34275,577.929722800143
"cordoba",26,0.0184569592992003,34275,632.61227998009
"cordoba",27,0.0202656152076568,34275,694.603961242437
"cordoba",28,0.0208701612082892,34275,715.324775414112
"cordoba",29,0.0209620723212032,34275,718.47502880924
"cordoba",30,0.0195777012235353,34275,671.025709436671
"cordoba",31,0.0202244077600234,34275,693.191575974801
"cordoba",32,0.0201003508343116,34275,688.93952484603
"cordoba",33,0.0224508723151111,34275,769.503648600433
"cordoba",34,0.0217538811691513,34275,745.614277072662
"cordoba",35,0.0234627557396705,34275,804.185952977207
"cordoba",36,0.0199509348249289,34275,683.818291124438
"cordoba",37,0.0204939473195716,34275,702.430044378316
"cordoba",38,0.0223754578990542,34275,766.918819490083
"cordoba",39,0.0217467132581491,34275,745.368596923061
"cordoba",40,0.0238396292919734,34275,817.10329398239
"cordoba",41,0.0229578391696372,34275,786.879937539316
"cordoba",42,0.0232798110586533,34275,797.91552403534
"cordoba",43,0.0204597964219151,34275,701.259522361142
"cordoba",44,0.0213286291236182,34275,731.038763212013
"cordoba",45,0.0209959925314684,34275,719.637644016079
"cordoba",46,0.0240323174733699,34275,823.707681399755
"cordoba",47,0.0204415522709136,34275,700.634204085563
"cordoba",48,0.0224505265255258,34275,769.491796662398
"cordoba",49,0.0228617252708754,34275,783.585633659256
"cordoba",50,0.0223659258943721,34275,766.592110029604
"cordoba",51,0.0202933943432209,34275,695.556091113896
"cordoba",52,0.018919488346955,34275,648.465463091881
"cordoba",53,0.0238884099339099,34275,818.775250484761
"cundinamarca",1,0.0214707360203088,39899,856.660896474302
"cundinamarca",2,0.0212643076541523,39899,848.424611093022
"cundinamarca",3,0.0227459720230012,39899,907.541537745726
"cundinamarca",4,0.0201096336910964,39899,802.354274641054
"cundinamarca",5,0.020548851458894,39899,819.878624358412
"cundinamarca",6,0.0219436401351771,39899,875.529297753432
"cundinamarca",7,0.0203822459823794,39899,813.231232450957
"cundinamarca",8,0.0190217937502916,39899,758.950548842884
"cundinamarca",9,0.0198393039288197,39899,791.568387455977
"cundinamarca",10,0.0192258598525287,39899,767.092582256043
"cundinamarca",11,0.0192870087383155,39899,769.532361650051
"cundinamarca",12,0.0184925619007629,39899,737.834727278538
"cundinamarca",13,0.020796771663223,39899,829.770392590936
"cundinamarca",14,0.0208019580613151,39899,829.97732468841
"cundinamarca",15,0.0218751808756873,39899,872.797841759049
"cundinamarca",16,0.019521788002756,39899,778.89981952196
"cundinamarca",17,0.020747761135257,39899,827.814921535619
"cundinamarca",18,0.020145249020679,39899,803.775290676072
"cundinamarca",19,0.0191272142658539,39899,763.156721993303
"cundinamarca",20,0.0186282745413702,39899,743.249525926128
"cundinamarca",21,0.0203525775725599,39899,812.047492567568
"cundinamarca",22,0.0201685336333596,39899,804.704323437413
"cundinamarca",23,0.0165733315367156,39899,661.259354983417
"cundinamarca",24,0.0170290923681848,39899,679.443756398206
"cundinamarca",25,0.0151177142805153,39899,603.181682078278
"cundinamarca",26,0.0145446794366876,39899,580.318164844398
"cundinamarca",27,0.017726427602504,39899,707.266734912305
"cundinamarca",28,0.0157587095329868,39899,628.756751656642
"cundinamarca",29,0.0148940492397282,39899,594.257670615917
"cundinamarca",30,0.0138807662385727,39899,553.828692152812
"cundinamarca",31,0.0128613127520759,39899,513.153517495077
"cundinamarca",32,0.0142313016260676,39899,567.814703578471
"cundinamarca",33,0.0141847426374771,39899,565.957046492697
"cundinamarca",34,0.0145805931555861,39899,581.751086314731
"cundinamarca",35,0.0154625656502702,39899,616.940906880132
"cundinamarca",36,0.0147227256142067,39899,587.422029281233
"cundinamarca",37,0.0172435470058544,39899,688.000281986586
"cundinamarca",38,0.0190215319099043,39899,758.940101673272
"cundinamarca",39,0.0174851107068501,39899,697.638432092611
"cundinamarca",40,0.0174627737778328,39899,696.747210961752
"cundinamarca",41,0.018270209000608,39899,728.96306891526
"cundinamarca",42,0.0191024428050566,39899,762.168365478952
"cundinamarca",43,0.0191117376924933,39899,762.539222192789
"cundinamarca",44,0.0182045239911894,39899,726.342302724467
"cundinamarca",45,0.0179275174260315,39899,715.290017781231
"cundinamarca",46,0.0186185949825622,39899,742.86332120925
"cundinamarca",47,0.0202355712685189,39899,807.379058042637
"cundinamarca",48,0.0161142486651165,39899,642.942407489482
"cundinamarca",49,0.0189344765054598,39899,755.466678091341
"cundinamarca",50,0.0204109001505672,39899,814.374505107482
"cundinamarca",51,0.0241809617572597,39899,964.796193152905
"cundinamarca",52,0.0218756607008309,39899,872.816986302451
"cundinamarca",53,0.037734956074497,39899,1505.58701241636
"guajira",1,0.0355010349985004,17711,628.758830858441
"guajira",2,0.0326912347820449,17711,578.994459224796
"guajira",3,0.0316968183610601,17711,561.382349992735
"guajira",4,0.0306403196777048,17711,542.67070181183
"guajira",5,0.0309734586614861,17711,548.570926353581
"guajira",6,0.0258827795684635,17711,458.409908937058
"guajira",7,0.0251272404075819,17711,445.028554858683
"guajira",8,0.0231734454016737,17711,410.424891509043
"guajira",9,0.0192527510663947,17711,340.985474136917
"guajira",10,0.0169526216289007,17711,300.24788166946
"guajira",11,0.0158027184819671,17711,279.88194703412
"guajira",12,0.0120228728800619,17711,212.937101578776
"guajira",13,0.0138253535952958,17711,244.860837526284
"guajira",14,0.0155394006850832,17711,275.218325533508
"guajira",15,0.0093392935216877,17711,165.408227562611
"guajira",16,0.0138661888304464,17711,245.584070376037
"guajira",17,0.0118193151320724,17711,209.331890304134
"guajira",18,0.0105920865101565,17711,187.596444181382
"guajira",19,0.0124001173103327,17711,219.618477683302
"guajira",20,0.0136592271671043,17711,241.918572356584
"guajira",21,0.0116019083709586,17711,205.481399158047
"guajira",22,0.015142055695119,17711,268.180948416253
"guajira",23,0.0106441669545303,17711,188.518840931686
"guajira",24,0.0133695944604066,17711,236.788887488261
"guajira",25,0.0146234183208439,17711,258.995361880466
"guajira",26,0.0124786956603475,17711,221.010178840415
"guajira",27,0.0168646072524878,17711,298.689059048812
"guajira",28,0.0146177806710095,17711,258.895513464249
"guajira",29,0.0119523054092965,17711,211.68728110405
"guajira",30,0.0114771078196265,17711,203.271056593405
"guajira",31,0.01324613265335,17711,234.602255423482
"guajira",32,0.0103268299572603,17711,182.898485373037
"guajira",33,0.0124974947332103,17711,221.343129219887
"guajira",34,0.0107934173830755,17711,191.16221527165
"guajira",35,0.0102845268159173,17711,182.149254436712
"guajira",36,0.0106387174039425,17711,188.422323941225
"guajira",37,0.0135246942676791,17711,239.535860174864
"guajira",38,0.0140908802749144,17711,249.56358054901
"guajira",39,0.0148570184278041,17711,263.132653374839
"guajira",40,0.0151221825312649,17711,267.828974811233
"guajira",41,0.0203104830407207,17711,359.718965134205
"guajira",42,0.02128053537452,17711,376.899562018124
"guajira",43,0.0187713235214761,17711,332.458910888863
"guajira",44,0.0227382015356327,17711,402.71628739759
"guajira",45,0.0232819429122869,17711,412.346490919514
"guajira",46,0.0285619907266365,17711,505.86141775946
"guajira",47,0.0251881002851499,17711,446.10644415029
"guajira",48,0.0312120488455831,17711,552.796597104122
"guajira",49,0.0329111992998377,17711,582.890250799426
"guajira",50,0.0330501497765805,17711,585.351202693018
"guajira",51,0.0297599751060698,17711,527.078919103603
"guajira",52,0.0316368273055264,17711,560.319848408177
"guajira",53,0.0223854085389163,17711,396.467970632746
"huila",1,0.0228004782292648,67363,1535.90861495797
"huila",2,0.0215901200412275,67363,1454.37525633721
"huila",3,0.0226213934981743,67363,1523.84493021751
"huila",4,0.0230097596261569,67363,1550.00643769681
"huila",5,0.0242858244165502,67363,1635.96599017207
"huila",6,0.0233695449145395,67363,1574.24265407812
"huila",7,0.0219236299468334,67363,1476.84148410854
"huila",8,0.0219371634000215,67363,1477.75313811565
"huila",9,0.0217436977961856,67363,1464.72071464445
"huila",10,0.0202428207797495,67363,1363.61713618626
"huila",11,0.0186818482192411,67363,1258.46534159274
"huila",12,0.0183248829547956,67363,1234.4190904839
"huila",13,0.0193079523829739,67363,1300.64159637427
"huila",14,0.0184872638625091,67363,1245.3575555702
"huila",15,0.0178748776333346,67363,1204.10538201432
"huila",16,0.0196291858804529,67363,1322.28084846495
"huila",17,0.0207067762257508,67363,1394.87056689525
"huila",18,0.0199020026654512,67363,1340.65860555279
"huila",19,0.0206846590795063,67363,1393.38068957278
"huila",20,0.0201652899947746,67363,1358.394429918
"huila",21,0.0202025574345678,67363,1360.90487646479
"huila",22,0.0207275727039118,67363,1396.27148005361
"huila",23,0.0200669055360274,67363,1351.76695762341
"huila",24,0.0191523813692328,67363,1290.16186617563
"huila",25,0.0169093343315067,67363,1139.06348857329
"huila",26,0.0156931192365465,67363,1057.13559113148
"huila",27,0.0178686988691296,67363,1203.68916192118
"huila",28,0.0174860124338464,67363,1177.9102555812
"huila",29,0.0175155263178078,67363,1179.89839934649
"huila",30,0.0147669889938146,67363,994.748679590333
"huila",31,0.0158282250879981,67363,1066.23672660282
"huila",32,0.0152773675089316,67363,1029.12930750416
"huila",33,0.0146774392712272,67363,988.716341627676
"huila",34,0.0149658760421264,67363,1008.14630782576
"huila",35,0.0143935822246286,67363,969.594879397655
"huila",36,0.0128637358500749,67363,866.539838068596
"huila",37,0.0126140784119994,67363,849.722164067512
"huila",38,0.0144557017447524,67363,973.779436631757
"huila",39,0.0128074258769738,67363,862.746629350587
"huila",40,0.0134095271422824,67363,903.305976885566
"huila",41,0.0126125846535213,67363,849.621540015156
"huila",42,0.0137831146056418,67363,928.471949179849
"huila",43,0.0151145223427169,67363,1018.15956857244
"huila",44,0.0158583030454789,67363,1068.26286805259
"huila",45,0.0158692480896374,67363,1069.00015906224
"huila",46,0.0162693790827789,67363,1095.95418315323
"huila",47,0.0179705218056405,67363,1210.54826039336
"huila",48,0.019464156219087,67363,1311.16395538636
"huila",49,0.0244256036877056,67363,1645.38194121491
"huila",50,0.0259338139835639,67363,1746.97951137482
"huila",51,0.0267075214394123,67363,1799.09876672313
"huila",52,0.0255703834180163,67363,1722.49773818783
"huila",53,0.0314496196919198,67363,2118.54073130679
"magdalena",1,0.0287713462596908,23691,681.621964238335
"magdalena",2,0.0317778347234722,23691,752.848682433779
"magdalena",3,0.0252824910221176,23691,598.967494804988
"magdalena",4,0.021790208538192,23691,516.231830478307
"magdalena",5,0.0231336082653588,23691,548.058313414616
"magdalena",6,0.0210371973699171,23691,498.392242890707
"magdalena",7,0.0188666339861793,23691,446.969425766573
"magdalena",8,0.0159576541354897,23691,378.052784123886
"magdalena",9,0.0179222003801241,23691,424.59484920552
"magdalena",10,0.0154813956582245,23691,366.769744538997
"magdalena",11,0.0126358794632074,23691,299.356620362847
"magdalena",12,0.0119606426961105,23691,283.359586113553
"magdalena",13,0.010122659814205,23691,239.81593365833
"magdalena",14,0.0122519358586384,23691,290.260612427003
"magdalena",15,0.0103007299287716,23691,244.034592742528
"magdalena",16,0.00645335271820868,23691,152.886379247082
"magdalena",17,0.00874964474873359,23691,207.287833742248
"magdalena",18,0.00814125038005219,23691,192.874362753816
"magdalena",19,0.0116182689784615,23691,275.248410368731
"magdalena",20,0.0112178786167284,23691,265.762762308912
"magdalena",21,0.0109887413211054,23691,260.334270638307
"magdalena",22,0.0112570358690016,23691,266.690436772518
"magdalena",23,0.0128560714911801,23691,304.573189697548
"magdalena",24,0.0135569784782864,23691,321.178377129084
"magdalena",25,0.0139023208845352,23691,329.359884075524
"magdalena",26,0.0128739839851827,23691,304.997554592964
"magdalena",27,0.0184038903713918,23691,436.006566788644
"magdalena",28,0.0157243957893472,23691,372.526660645424
"magdalena",29,0.0159889979614633,23691,378.795350705028
"magdalena",30,0.0167631011328751,23691,397.134628938944
"magdalena",31,0.018259345853914,23691,432.582162625076
"magdalena",32,0.0161341399960167,23691,382.233910645631
"magdalena",33,0.0170923248575996,23691,404.934268201392
"magdalena",34,0.0163240475110418,23691,386.73300958409
"magdalena",35,0.0164843200535604,23691,390.5300263889
"magdalena",36,0.0168025359763485,23691,398.068879815671
"magdalena",37,0.0169608211896169,23691,401.818814803213
"magdalena",38,0.0183311837441857,23691,434.284074083504
"magdalena",39,0.0190827537605022,23691,452.089519340058
"magdalena",40,0.0199053188236833,23691,471.576908251881
"magdalena",41,0.0207227767185241,23691,490.943303238555
"magdalena",42,0.0220193580168352,23691,521.660610776842
"magdalena",43,0.0246573058508339,23691,584.156232912105
"magdalena",44,0.0272285373913212,23691,645.07127933779
"magdalena",45,0.0266045369764079,23691,630.288085508081
"magdalena",46,0.0298984959462323,23691,708.325267462189
"magdalena",47,0.0277246671119434,23691,656.825088549051
"magdalena",48,0.0270955815411685,23691,641.921422291822
"magdalena",49,0.0322687872416167,23691,764.479838541141
"magdalena",50,0.0336762213666245,23691,797.823360396701
"magdalena",51,0.0299261700244331,23691,708.980894048844
"magdalena",52,0.0236200800368936,23691,559.583316154046
"magdalena",53,0.0333923591844444,23691,791.098381438673
"meta",1,0.0161667403903857,88027,1423.10965634449
"meta",2,0.0177886072573626,88027,1565.87773104386
"meta",3,0.017889792434959,88027,1574.78475867213
"meta",4,0.0179834231736889,88027,1583.02679171031
"meta",5,0.0195421229617726,88027,1720.23445795595
"meta",6,0.0213170089922296,88027,1876.47235055899
"meta",7,0.0207824282615136,88027,1829.41481257625
"meta",8,0.0218968854329572,88027,1927.51713400693
"meta",9,0.0216845316856587,88027,1908.82427069348
"meta",10,0.0240684390884016,88027,2118.67248763473
"meta",11,0.0223956564856402,88027,1971.42245346145
"meta",12,0.0221857289206025,88027,1952.94315969387
"meta",13,0.0229013365781257,88027,2015.93595496268
"meta",14,0.0234288075311249,88027,2062.36764054233
"meta",15,0.0257229446307917,88027,2264.3136470147
"meta",16,0.0270666003430846,88027,2382.59162840071
"meta",17,0.0266081063233458,88027,2342.23177532516
"meta",18,0.0276089480236703,88027,2430.33286767963
"meta",19,0.0287756781151206,88027,2533.03661743972
"meta",20,0.0281083494365063,88027,2474.29367584734
"meta",21,0.0290269258665483,88027,2555.15320325465
"meta",22,0.0292466690430838,88027,2574.49653585554
"meta",23,0.0271430005282131,88027,2389.31690749702
"meta",24,0.0249114516819551,88027,2192.88035720746
"meta",25,0.0220748733591053,88027,1943.18487718196
"meta",26,0.0206240454538304,88027,1815.47284916433
"meta",27,0.0220510577546714,88027,1941.08846097046
"meta",28,0.0206949593835774,88027,1821.71518965817
"meta",29,0.0189731227137244,88027,1670.14707312102
"meta",30,0.0184267360789107,88027,1622.05029681827
"meta",31,0.0162810965341185,88027,1433.17608460885
"meta",32,0.0164984348823957,88027,1452.30772739264
"meta",33,0.0157364625954983,88027,1385.23359289393
"meta",34,0.0155220085213998,88027,1366.35584411326
"meta",35,0.015300959407955,88027,1346.89755380405
"meta",36,0.0133584576148786,88027,1175.90494846492
"meta",37,0.0139982557301935,88027,1232.22445716174
"meta",38,0.0139620528447566,88027,1229.03762576539
"meta",39,0.0128846510062416,88027,1134.19717412643
"meta",40,0.013142968187225,88027,1156.93606061685
"meta",41,0.0116522997804631,88027,1025.71699277483
"meta",42,0.0124365311070388,88027,1094.75052375931
"meta",43,0.011498647811495,88027,1012.19147090247
"meta",44,0.0129088961364762,88027,1136.33140020559
"meta",45,0.0137755904159699,88027,1212.62389754658
"meta",46,0.0139692905815935,88027,1229.67474202593
"meta",47,0.0123071656453679,88027,1083.3628702648
"meta",48,0.0110992305600413,88027,977.031968508756
"meta",49,0.0134934013151936,88027,1187.78363757255
"meta",50,0.0144125391176407,88027,1268.69258090856
"meta",51,0.0132142654841431,88027,1163.21214777267
"meta",52,0.0145713736983809,88027,1282.67431254738
"meta",53,0.0108804430909713,88027,957.772763968932
"narino",1,0.0165895946720959,7214,119.6773359645
"narino",2,0.0140617356472262,7214,101.44136095909
"narino",3,0.0172568158713451,7214,124.490669695884
"narino",4,0.0173283437865332,7214,125.006672076051
"narino",5,0.018868642820429,7214,136.118389306575
"narino",6,0.0203575231291858,7214,146.859171853947
"narino",7,0.017631693189071,7214,127.195034665958
"narino",8,0.0231459307808641,7214,166.974744653154
"narino",9,0.0267289243426915,7214,192.822460208177
"narino",10,0.020612308398352,7214,148.697192785711
"narino",11,0.0261712694123032,7214,188.799537540355
"narino",12,0.0215833073056948,7214,155.701978903283
"narino",13,0.0201655553354408,7214,145.47431618987
"narino",14,0.0203993875238766,7214,147.161181597246
"narino",15,0.0183836254190396,7214,132.619473772952
"narino",16,0.0220916595509356,7214,159.369232000449
"narino",17,0.0243605413148278,7214,175.736945045168
"narino",18,0.0238810956371031,7214,172.278223926062
"narino",19,0.0213513790239532,7214,154.028848278798
"narino",20,0.0243948522944515,7214,175.984464452173
"narino",21,0.0246032244029432,7214,177.487660842832
"narino",22,0.0283516560160387,7214,204.528846499703
"narino",23,0.0283750758831847,7214,204.697797421294
"narino",24,0.027126382601334,7214,195.689724086023
"narino",25,0.0189427412944473,7214,136.652935698143
"narino",26,0.019942569861414,7214,143.86569898024
"narino",27,0.0261958517589973,7214,188.976874589407
"narino",28,0.0152279696916861,7214,109.854573355824
"narino",29,0.0125230696090587,7214,90.3414241597498
"narino",30,0.0149532955941629,7214,107.873074416291
"narino",31,0.0126715481728202,7214,91.4125485187251
"narino",32,0.0119826112297363,7214,86.442557411318
"narino",33,0.0151811997242514,7214,109.517174810749
"narino",34,0.0165980326467446,7214,119.738207513616
"narino",35,0.0122353748804344,7214,88.2659943874541
"narino",36,0.0138105818771155,7214,99.6295376615112
"narino",37,0.0137091889489999,7214,98.8980890780855
"narino",38,0.0171749429636578,7214,123.900038539827
"narino",39,0.0214098939027722,7214,154.450974614598
"narino",40,0.0192410230726623,7214,138.804740446186
"narino",41,0.0171897124095397,7214,124.006585322419
"narino",42,0.0162965451700014,7214,117.56327685639
"narino",43,0.0129585229829194,7214,93.4827847987809
"narino",44,0.0160853843214877,7214,116.039962495212
"narino",45,0.0173188371731524,7214,124.938091367122
"narino",46,0.0153264286248778,7214,110.564856099868
"narino",47,0.0178811313896305,7214,128.994481844795
"narino",48,0.0134536116727749,7214,97.0543546073981
"narino",49,0.0140043030423641,7214,101.027042147615
"narino",50,0.0193387093483055,7214,139.509449238676
"narino",51,0.0119479752862597,7214,86.1926937150775
"narino",52,0.0106581861118931,7214,76.8881546111971
"narino",53,0.0319202328789119,7214,230.27255998847
"norte_santander",1,0.0237542717211512,66827,1587.42671630937
"norte_santander",2,0.021367121291608,66827,1427.90061455429
"norte_santander",3,0.0210804385445353,66827,1408.74246661566
"norte_santander",4,0.0192948112158677,66827,1289.41434912279
"norte_santander",5,0.0199088187560357,66827,1330.44663100959
"norte_santander",6,0.0189644499344596,66827,1267.33729577013
"norte_santander",7,0.0162303592023334,66827,1084.62621441433
"norte_santander",8,0.0160876140149596,66827,1075.08698177771
"norte_santander",9,0.0179695590841926,66827,1200.85172491934
"norte_santander",10,0.0160788040395195,66827,1074.49823754897
"norte_santander",11,0.0159209158972719,66827,1063.94704666699
"norte_santander",12,0.0141664118798917,66827,946.698806697521
"norte_santander",13,0.0149194409324453,66827,997.021479192521
"norte_santander",14,0.0152814338552585,66827,1021.21238024536
"norte_santander",15,0.0151134429468697,66827,1009.98605181046
"norte_santander",16,0.0149833125769326,66827,1001.28982957867
"norte_santander",17,0.0158854030466825,66827,1061.57382940065
"norte_santander",18,0.0164496525740878,66827,1099.28093256857
"norte_santander",19,0.0159358546820477,66827,1064.9453608372
"norte_santander",20,0.0172988985962836,66827,1156.03349649384
"norte_santander",21,0.0172148145369909,66827,1150.41441106349
"norte_santander",22,0.0165178877106073,66827,1103.84088203675
"norte_santander",23,0.0163227635666138,66827,1090.8013208661
"norte_santander",24,0.0157117221232274,66827,1049.96725432892
"norte_santander",25,0.0148009280473238,66827,989.101618618508
"norte_santander",26,0.0154557256988422,66827,1032.85978127653
"norte_santander",27,0.016114226915786,66827,1076.86544210123
"norte_santander",28,0.0164635698703459,66827,1100.21098372561
"norte_santander",29,0.0168416707798452,66827,1125.47833320471
"norte_santander",30,0.0157525631928233,66827,1052.6965404868
"norte_santander",31,0.0163565894284903,66827,1093.06180173772
"norte_santander",32,0.0172722595316641,66827,1154.25328772252
"norte_santander",33,0.0177715581006202,66827,1187.61991319015
"norte_santander",34,0.0179344213604103,66827,1198.50357625214
"norte_santander",35,0.018601060490588,66827,1243.05306940453
"norte_santander",36,0.0175880918496722,66827,1175.35941403804
"norte_santander",37,0.018477414824429,66827,1234.79020047212
"norte_santander",38,0.0184180600871677,66827,1230.82370144516
"norte_santander",39,0.0183707636570057,66827,1227.66302290672
"norte_santander",40,0.0191461342377419,66827,1279.47871270558
"norte_santander",41,0.0188299506355795,66827,1258.34911112387
"norte_santander",42,0.0212393279864127,66827,1419.360571348
"norte_santander",43,0.0204009746955504,66827,1363.33593597955
"norte_santander",44,0.0220193078755006,66827,1471.48428739608
"norte_santander",45,0.0234020741046274,66827,1563.89040618994
"norte_santander",46,0.0239284917998893,66827,1599.0693215112
"norte_santander",47,0.0243319589100168,66827,1626.03181807969
"norte_santander",48,0.0242634129693171,66827,1621.45109850055
"norte_santander",49,0.0269433874956565,66827,1800.54575617223
"norte_santander",50,0.025870479403354,66827,1728.84652708794
"norte_santander",51,0.0262029774416254,66827,1751.0663734915
"norte_santander",52,0.0237231779795735,66827,1585.34881484096
"norte_santander",53,0.0310212379002674,66827,2073.05626516117
"risaralda",1,0.0169120592889238,20961,354.493674755132
"risaralda",2,0.0161785503389022,20961,339.118593653728
"risaralda",3,0.0152819261869281,20961,320.324454804201
"risaralda",4,0.0167047630916925,20961,350.148539164967
"risaralda",5,0.0194705665613206,20961,408.122545691842
"risaralda",6,0.0181960488839913,20961,381.407380657341
"risaralda",7,0.0166842731041951,20961,349.719048537034
"risaralda",8,0.0222838777514595,20961,467.092361548344
"risaralda",9,0.0202766849237155,20961,425.019592686001
"risaralda",10,0.0157326716671576,20961,329.77253081529
"risaralda",11,0.01907122546429,20961,399.751956956983
"risaralda",12,0.0197544205275419,20961,414.072408677806
"risaralda",13,0.0156313161478969,20961,327.648017776068
"risaralda",14,0.0183291741527049,20961,384.197819414848
"risaralda",15,0.0154851105990743,20961,324.583403267196
"risaralda",16,0.0228094436953337,20961,478.108749297891
"risaralda",17,0.017466945489427,20961,366.124644403879
"risaralda",18,0.0188795117804065,20961,395.7334464291
"risaralda",19,0.0183543922486878,20961,384.726415924745
"risaralda",20,0.0165993203741786,20961,347.938354363158
"risaralda",21,0.0169770352896857,20961,355.855636707102
"risaralda",22,0.0234341070140822,20961,491.202317122177
"risaralda",23,0.0140136273319389,20961,293.739642504772
"risaralda",24,0.015162284690596,20961,317.816649399582
"risaralda",25,0.0186337388230566,20961,390.58179947009
"risaralda",26,0.0140303379495859,20961,294.08991376127
"risaralda",27,0.0140185164149981,20961,293.842122574775
"risaralda",28,0.0158423006748453,20961,332.070464445433
"risaralda",29,0.0172702595058646,20961,362.001909502429
"risaralda",30,0.0172530091735999,20961,361.640325287828
"risaralda",31,0.0150926934406814,20961,316.357947210123
"risaralda",32,0.0162909488763539,20961,341.474579397253
"risaralda",33,0.0159965649799472,20961,335.303998544673
"risaralda",34,0.0148592729951134,20961,311.465221250571
"risaralda",35,0.0166063482957438,20961,348.085666627085
"risaralda",36,0.0174590078020626,20961,365.958262539034
"risaralda",37,0.0176871025609106,20961,370.739356779247
"risaralda",38,0.0198222184298683,20961,415.49352050847
"risaralda",39,0.0222737307715496,20961,466.879670702452
"risaralda",40,0.0185745466242554,20961,389.341071791017
"risaralda",41,0.0195376675735969,20961,409.529050010164
"risaralda",42,0.0185709565446536,20961,389.265820132484
"risaralda",43,0.0169298657294254,20961,354.866915554485
"risaralda",44,0.0175826269795018,20961,368.549444117337
"risaralda",45,0.0245682036315083,20961,514.974116320046
"risaralda",46,0.0196592939915162,20961,412.078461356172
"risaralda",47,0.0211672659906492,20961,443.687062429999
"risaralda",48,0.0168939737265116,20961,354.114583281409
"risaralda",49,0.0242564017716322,20961,508.438437535183
"risaralda",50,0.0271802587662107,20961,569.725403998542
"risaralda",51,0.0250891347202558,20961,525.893352871282
"risaralda",52,0.0192512311603126,20961,403.525056351312
"risaralda",53,0.0479131854916583,20961,1004.30828109065
"santander",1,0.0139567217528697,114622,1599.74736075743
"santander",2,0.0165089191780017,114622,1892.28533402092
"santander",3,0.0166860548387941,114622,1912.58897773226
"santander",4,0.0157058724750753,114622,1800.23851483808
"santander",5,0.0169595370535201,114622,1943.93605614858
"santander",6,0.0174392810201947,114622,1998.92526909676
"santander",7,0.0163238466654682,114622,1871.0719524893
"santander",8,0.0142375879972749,114622,1631.94081142365
"santander",9,0.0159384583969867,114622,1826.89797837941
"santander",10,0.0168948068109071,114622,1936.5165462798
"santander",11,0.0163655478911402,114622,1875.85183037827
"santander",12,0.0148902532455802,114622,1706.75060751489
"santander",13,0.0170144331904198,114622,1950.2283611523
"santander",14,0.0188461179042023,114622,2160.17972641548
"santander",15,0.0186703091753492,114622,2140.02817829687
"santander",16,0.0201198402771308,114622,2306.17633224529
"santander",17,0.0204887490276072,114622,2348.46139104239
"santander",18,0.0210702512651668,114622,2415.11434051595
"santander",19,0.0224898745303192,114622,2577.83439841425
"santander",20,0.022410182637678,114622,2568.69995429593
"santander",21,0.0228355000863893,114622,2617.45069090212
"santander",22,0.02308542150015,114622,2646.09718319019
"santander",23,0.0229380188922768,114622,2629.20160147056
"santander",24,0.0209463873949049,114622,2400.91681597878
"santander",25,0.0202688808155536,114622,2323.25965684038
"santander",26,0.0192573950268008,114622,2207.32113276197
"santander",27,0.0206605208676855,114622,2368.15022289584
"santander",28,0.0205774507978254,114622,2358.62856534834
"santander",29,0.0195945414734661,114622,2245.96553277163
"santander",30,0.0209075551519202,114622,2396.4657866234
"santander",31,0.0198331961602305,114622,2273.32061027794
"santander",32,0.0194068213589739,114622,2224.4486778083
"santander",33,0.0191695063617164,114622,2197.24715819265
"santander",34,0.0193720646639381,114622,2220.46479590991
"santander",35,0.0203609874552102,114622,2333.8171040911
"santander",36,0.0198193577156346,114622,2271.73442008147
"santander",37,0.0189646470313968,114622,2173.76577203277
"santander",38,0.0193978451041083,114622,2223.4198015231
"santander",39,0.0186005356051936,114622,2132.0305921385
"santander",40,0.0200242990971492,114622,2295.22521111344
"santander",41,0.0191501393379424,114622,2195.02727119363
"santander",42,0.0203609937127172,114622,2333.81782133907
"santander",43,0.0189552765300942,114622,2172.69170643245
"santander",44,0.0181049680739966,114622,2075.22765057764
"santander",45,0.0186724544004032,114622,2140.27406828302
"santander",46,0.0192479539043888,114622,2206.23897242885
"santander",47,0.0199846194501732,114622,2290.67705061775
"santander",48,0.0186475070340545,114622,2137.4145512574
"santander",49,0.0186633322366059,114622,2139.22846762425
"santander",50,0.0191243777996488,114622,2192.07443215135
"santander",51,0.0173677999315399,114622,1990.73196375297
"santander",52,0.0165395012735835,114622,1895.79071498069
"santander",53,0.0161434984206412,114622,1850.40007597073
"sucre",1,0.0226038896070771,36982,835.937045448925
"sucre",2,0.0196370384291455,36982,726.216955186659
"sucre",3,0.0224520093517554,36982,830.320209846618
"sucre",4,0.0225909269898308,36982,835.457661937921
"sucre",5,0.0204440518111958,36982,756.061924081643
"sucre",6,0.0196761620373884,36982,727.663824466698
"sucre",7,0.0199170426696398,36982,736.57207200862
"sucre",8,0.0149022782219352,36982,551.116053203609
"sucre",9,0.0157004408558886,36982,580.63370373247
"sucre",10,0.0144541686002171,36982,534.544063173228
"sucre",11,0.0131256604520856,36982,485.41317483903
"sucre",12,0.0116011765107833,36982,429.034709721789
"sucre",13,0.0108043666001743,36982,399.567085607645
"sucre",14,0.0104116669245565,36982,385.04426620395
"sucre",15,0.0112362048736002,36982,415.537328635482
"sucre",16,0.0120892530796543,36982,447.084757391775
"sucre",17,0.0107299252739077,36982,396.814096479656
"sucre",18,0.0114941469350658,36982,425.076541952605
"sucre",19,0.0137029154515905,36982,506.76121923072
"sucre",20,0.0136965829922037,36982,506.527032217677
"sucre",21,0.016107583848081,36982,595.690665869733
"sucre",22,0.0171863440695206,36982,635.585376379011
"sucre",23,0.0171414897422186,36982,633.926573646728
"sucre",24,0.0157185229497007,36982,581.30241572583
"sucre",25,0.0176087512032859,36982,651.206836999919
"sucre",26,0.0201744502059473,36982,746.091517516343
"sucre",27,0.0211524588375905,36982,782.260232731772
"sucre",28,0.0229157710711323,36982,847.471045752616
"sucre",29,0.0231280747379205,36982,855.322459957775
"sucre",30,0.0202047744307838,36982,747.212967999246
"sucre",31,0.0198901381518166,36982,735.577089130482
"sucre",32,0.0214649944791146,36982,793.818425826616
"sucre",33,0.0206872901895406,36982,765.057365789591
"sucre",34,0.0193152941788202,36982,714.318209321129
"sucre",35,0.0193804789068788,36982,716.728870934192
"sucre",36,0.0212238548058604,36982,784.90059843033
"sucre",37,0.0198980114696713,36982,735.868260171385
"sucre",38,0.0227943668331718,36982,842.981274224361
"sucre",39,0.0224189428601797,36982,829.097344855164
"sucre",40,0.0238905865511284,36982,883.521671833829
"sucre",41,0.0221815345988815,36982,820.317512535836
"sucre",42,0.0248623108820262,36982,919.457981039092
"sucre",43,0.0262429446025574,36982,970.516577291777
"sucre",44,0.0243313034790775,36982,899.820265263245
"sucre",45,0.0231865653137038,36982,857.485558431394
"sucre",46,0.0227663851031734,36982,841.946453885559
"sucre",47,0.0228928197535261,36982,846.622260124901
"sucre",48,0.0213829939003066,36982,790.78588042114
"sucre",49,0.0234135568405686,36982,865.880159077909
"sucre",50,0.0239368030101255,36982,885.230848920461
"sucre",51,0.0207635761139023,36982,767.878571844333
"sucre",52,0.0183574499377428,36982,678.895213597605
"sucre",53,0.0121096692743491,36982,447.839789103979
"tolima",1,0.0228547483328985,103264,2360.07273184843
"tolima",2,0.0251581160167025,103264,2597.92769234876
"tolima",3,0.0257358308035133,103264,2657.584832094
"tolima",4,0.0227648609135384,103264,2350.79059737563
"tolima",5,0.0230444972649014,103264,2379.66696556277
"tolima",6,0.0212684136211577,103264,2196.26146417522
"tolima",7,0.0212586076463822,103264,2195.24885999601
"tolima",8,0.0193815334470829,103264,2001.41466987957
"tolima",9,0.0197862719134385,103264,2043.20958286931
"tolima",10,0.0194132816400815,103264,2004.69311528137
"tolima",11,0.0178852373250818,103264,1846.90114713724
"tolima",12,0.0164796537248804,103264,1701.75496224604
"tolima",13,0.0181305234870162,103264,1872.23037736324
"tolima",14,0.019288701393615,103264,1991.82846071026
"tolima",15,0.0192345564277727,103264,1986.23723495752
"tolima",16,0.018055872399303,103264,1864.52160744163
"tolima",17,0.0182249192032682,103264,1881.97805660629
"tolima",18,0.0192091520146297,103264,1983.61387363872
"tolima",19,0.0180681191379671,103264,1865.78625466304
"tolima",20,0.0193947247851503,103264,2002.77686021376
"tolima",21,0.0187388012634371,103264,1935.04357366756
"tolima",22,0.0196047884630696,103264,2024.46887585042
"tolima",23,0.0190347566763475,103264,1965.60511342635
"tolima",24,0.0170374148822599,103264,1759.35161040168
"tolima",25,0.0157929388068405,103264,1630.84203294957
"tolima",26,0.0159560143110545,103264,1647.68186181673
"tolima",27,0.0176209074850198,103264,1819.60539053309
"tolima",28,0.0159266564449542,103264,1644.65025113175
"tolima",29,0.01491276381712,103264,1539.95164281108
"tolima",30,0.014518550962974,103264,1499.24364664055
"tolima",31,0.015098636731987,103264,1559.14562349191
"tolima",32,0.0142822764045002,103264,1474.84499063431
"tolima",33,0.0145235977675667,103264,1499.76479987001
"tolima",34,0.0148689868621669,103264,1535.4310593348
"tolima",35,0.0157542043985609,103264,1626.84216301299
"tolima",36,0.0161992900797473,103264,1672.80349079502
"tolima",37,0.0163618048920457,103264,1689.58542037221
"tolima",38,0.0161356009687266,103264,1666.22669843458
"tolima",39,0.0165550894547973,103264,1709.54475746019
"tolima",40,0.0162308040221659,103264,1676.05774654494
"tolima",41,0.016568959246579,103264,1710.97700763873
"tolima",42,0.0178001927596519,103264,1838.11910513269
"tolima",43,0.0179655540303682,103264,1855.19497139195
"tolima",44,0.0190045316706537,103264,1962.48395843839
"tolima",45,0.019107159323055,103264,1973.08170033595
"tolima",46,0.0200923552247682,103264,2074.81696993047
"tolima",47,0.0207044709775607,103264,2138.02649102683
"tolima",48,0.0207628629345837,103264,2144.05627807685
"tolima",49,0.0224735502317168,103264,2320.708691128
"tolima",50,0.0222337891394242,103264,2295.9500016935
"tolima",51,0.0230456352875426,103264,2379.7844823328
"tolima",52,0.0229368228565614,103264,2368.54807545996
"tolima",53,0.027512610123812,103264,2841.06217182532
"valle",1,0.0189022851078889,196995,3723.65565482858
"valle",2,0.0198323649379554,196995,3906.87673095252
"valle",3,0.0215708668098894,196995,4249.35290721417
"valle",4,0.0216068269299131,196995,4256.43687105824
"valle",5,0.0231257609783671,196995,4555.65928393343
"valle",6,0.0232469335602238,196995,4579.52967669628
"valle",7,0.0233550080549912,196995,4600.81981179299
"valle",8,0.0220798040666231,196995,4349.61100210441
"valle",9,0.0223564566618651,196995,4404.11018010412
"valle",10,0.0227479756919319,196995,4481.23747143212
"valle",11,0.0209246304055085,196995,4122.04756673315
"valle",12,0.0197398876747902,196995,3888.65917249529
"valle",13,0.0189117818525107,196995,3725.52646603536
"valle",14,0.019963434482469,196995,3932.69677587398
"valle",15,0.0194578915108928,196995,3833.10733818833
"valle",16,0.0192743776716412,196995,3796.95602942495
"valle",17,0.01975185635769,196995,3891.01694318315
"valle",18,0.0189406608339624,196995,3731.21548098642
"valle",19,0.019606121196672,196995,3862.30784513841
"valle",20,0.0203203011781054,196995,4002.99773058088
"valle",21,0.0183235452781644,196995,3609.646802072
"valle",22,0.0189664255371263,196995,3736.2909986862
"valle",23,0.0188208593658327,196995,3707.61519077221
"valle",24,0.0193758482816361,196995,3816.94523224091
"valle",25,0.0182139562844862,196995,3588.05831826236
"valle",26,0.0172640640684238,196995,3400.93430115915
"valle",27,0.0190432717557132,196995,3751.42931951672
"valle",28,0.0165691563186389,196995,3264.04094899027
"valle",29,0.0182974817439581,196995,3604.51241615103
"valle",30,0.0172565954972685,196995,3399.46302998441
"valle",31,0.0179258882608856,196995,3531.31035795316
"valle",32,0.017217208508657,196995,3391.70399016289
"valle",33,0.0161937788757761,196995,3190.09346963352
"valle",34,0.0166528153416646,196995,3280.52135823122
"valle",35,0.0169636203102839,196995,3341.74838302439
"valle",36,0.0162585897931508,196995,3202.86089630174
"valle",37,0.0168204244958618,196995,3313.5395235623
"valle",38,0.0172179153220025,196995,3391.84322885788
"valle",39,0.0151553939347037,196995,2985.53682816695
"valle",40,0.0163298243469564,196995,3216.89374722868
"valle",41,0.0147795369574309,196995,2911.49488292911
"valle",42,0.0160584051896812,196995,3163.42553034124
"valle",43,0.0164169830409328,196995,3234.06357414855
"valle",44,0.0154360445963095,196995,3040.82360524999
"valle",45,0.0164846482752096,196995,3247.39328697492
"valle",46,0.0173320898288925,196995,3414.33503584268
"valle",47,0.0176971617525911,196995,3486.25237945168
"valle",48,0.0191271687254724,196995,3767.95660307444
"valle",49,0.0197377691049334,196995,3888.24182482635
"valle",50,0.0201492913586773,196995,3969.30965120263
"valle",51,0.0214766254651668,196995,4230.78783351053
"valle",52,0.0213146967514839,196995,4198.88868655857
"valle",53,0.0194076896681366,196995,3823.21782617456
