"isoweek","seasonal_profile","total_cases","antioquia","atlantico","bolivar","boyaca","caldas","cauca","cesar","cordoba","cundinamarca","guajira","huila","magdalena","meta","narino","norte_santander","risaralda","santander","sucre","tolima","valle"
1,0.0191433373321572,101912,1950.9357941948,0,0,0,0,0,0,0,0,0,0,0,0,0,0,0,0,0,0,0
2,0.0202813585530247,101912,2066.91381285585,0,0,0,0,0,0,0,0,0,0,0,0,0,0,0,0,0,0,0
3,0.0182892698602763,101912,1863.89607000048,0,0,0,0,0,0,0,0,0,0,0,0,0,0,0,0,0,0,0
4,0.0160334292050972,101912,1633.99883714987,0,0,0,0,0,0,0,0,0,0,0,0,0,0,0,0,0,0,0
5,0.0170105716672452,101912,1733.58137975229,0,0,0,0,0,0,0,0,0,0,0,0,0,0,0,0,0,0,0
6,0.0159394775482012,101912,1624.42403589228,0,0,0,0,0,0,0,0,0,0,0,0,0,0,0,0,0,0,0
7,0.0149058406235735,101912,1519.08402962962,0,0,0,0,0,0,0,0,0,0,0,0,0,0,0,0,0,0,0
8,0.014159958914795,101912,1443.06973292459,0,0,0,0,0,0,0,0,0,0,0,0,0,0,0,0,0,0,0
9,0.0160270546567162,101912,1633.34919417526,0,0,0,0,0,0,0,0,0,0,0,0,0,0,0,0,0,0,0
10,0.0145522899974557,101912,1483.05297822071,0,0,0,0,0,0,0,0,0,0,0,0,0,0,0,0,0,0,0
11,0.0135018143041119,101912,1375.99689936065,0,0,0,0,0,0,0,0,0,0,0,0,0,0,0,0,0,0,0
12,0.0125269633149476,101912,1276.64788535294,0,0,0,0,0,0,0,0,0,0,0,0,0,0,0,0,0,0,0
13,0.0133916822716381,101912,1364.77312366718,0,0,0,0,0,0,0,0,0,0,0,0,0,0,0,0,0,0,0
14,0.0148205813127639,101912,1510.3950827464,0,0,0,0,0,0,0,0,0,0,0,0,0,0,0,0,0,0,0
15,0.0137425069458486,101912,1400.52636786532,0,0,0,0,0,0,0,0,0,0,0,0,0,0,0,0,0,0,0
16,0.0154863505028043,101912,1578.24495244179,0,0,0,0,0,0,0,0,0,0,0,0,0,0,0,0,0,0,0
17,0.0161827924118059,101912,1649.22074027196,0,0,0,0,0,0,0,0,0,0,0,0,0,0,0,0,0,0,0
18,0.0161972602119112,101912,1650.6951827163,0,0,0,0,0,0,0,0,0,0,0,0,0,0,0,0,0,0,0
19,0.0182154248165238,101912,1856.37037390158,0,0,0,0,0,0,0,0,0,0,0,0,0,0,0,0,0,0,0
20,0.0191299947766771,101912,1949.57602768072,0,0,0,0,0,0,0,0,0,0,0,0,0,0,0,0,0,0,0
21,0.0201652665162426,101912,2055.08264120331,0,0,0,0,0,0,0,0,0,0,0,0,0,0,0,0,0,0,0
22,0.0213429256547622,101912,2175.10023932813,0,0,0,0,0,0,0,0,0,0,0,0,0,0,0,0,0,0,0
23,0.0227708841072527,101912,2320.62634113834,0,0,0,0,0,0,0,0,0,0,0,0,0,0,0,0,0,0,0
24,0.0214756580385109,101912,2188.62726202072,0,0,0,0,0,0,0,0,0,0,0,0,0,0,0,0,0,0,0
25,0.0210485728273893,101912,2145.1021539849,0,0,0,0,0,0,0,0,0,0,0,0,0,0,0,0,0,0,0
26,0.0221119927646849,101912,2253.47740663457,0,0,0,0,0,0,0,0,0,0,0,0,0,0,0,0,0,0,0
27,0.0244190745008394,101912,2488.59672052954,0,0,0,0,0,0,0,0,0,0,0,0,0,0,0,0,0,0,0
28,0.0227352030930283,101912,2316.9900176167,0,0,0,0,0,0,0,0,0,0,0,0,0,0,0,0,0,0,0
29,0.0204741063608606,101912,2086.55712744803,0,0,0,0,0,0,0,0,0,0,0,0,0,0,0,0,0,0,0
30,0.0198360526820881,101912,2021.53180093696,0,0,0,0,0,0,0,0,0,0,0,0,0,0,0,0,0,0,0
31,0.0212280690347544,101912,2163.39497146989,0,0,0,0,0,0,0,0,0,0,0,0,0,0,0,0,0,0,0
32,0.0206420771607628,101912,2103.67536760766,0,0,0,0,0,0,0,0,0,0,0,0,0,0,0,0,0,0,0
33,0.0204307591200077,101912,2082.13952343823,0,0,0,0,0,0,0,0,0,0,0,0,0,0,0,0,0,0,0
34,0.0214319821657635,101912,2184.17616647729,0,0,0,0,0,0,0,0,0,0,0,0,0,0,0,0,0,0,0
35,0.021096702547223,101912,2150.00714999259,0,0,0,0,0,0,0,0,0,0,0,0,0,0,0,0,0,0,0
36,0.0211698872101184,101912,2157.46554535759,0,0,0,0,0,0,0,0,0,0,0,0,0,0,0,0,0,0,0
37,0.0190299021336497,101912,1939.37538624451,0,0,0,0,0,0,0,0,0,0,0,0,0,0,0,0,0,0,0
38,0.0210336619801785,101912,2143.58255972396,0,0,0,0,0,0,0,0,0,0,0,0,0,0,0,0,0,0,0
39,0.0206625179981423,101912,2105.75853422668,0,0,0,0,0,0,0,0,0,0,0,0,0,0,0,0,0,0,0
40,0.0212647639273654,101912,2167.13462136566,0,0,0,0,0,0,0,0,0,0,0,0,0,0,0,0,0,0,0
41,0.0197033797637443,101912,2008.01083848271,0,0,0,0,0,0,0,0,0,0,0,0,0,0,0,0,0,0,0
42,0.0208210463187254,101912,2121.91447243394,0,0,0,0,0,0,0,0,0,0,0,0,0,0,0,0,0,0,0
43,0.0187133630264774,101912,1907.11625275436,0,0,0,0,0,0,0,0,0,0,0,0,0,0,0,0,0,0,0
44,0.0173589123591155,101912,1769.08147634218,0,0,0,0,0,0,0,0,0,0,0,0,0,0,0,0,0,0,0
45,0.017265412293892,101912,1759.55269769512,0,0,0,0,0,0,0,0,0,0,0,0,0,0,0,0,0,0,0
46,0.0181117364931733,101912,1845.80328949228,0,0,0,0,0,0,0,0,0,0,0,0,0,0,0,0,0,0,0
47,0.0176557694435644,101912,1799.33477553254,0,0,0,0,0,0,0,0,0,0,0,0,0,0,0,0,0,0,0
48,0.0169067389373668,101912,1722.99957858492,0,0,0,0,0,0,0,0,0,0,0,0,0,0,0,0,0,0,0
49,0.0193504127995138,101912,1972.03926922405,0,0,0,0,0,0,0,0,0,0,0,0,0,0,0,0,0,0,0
50,0.0185651567528548,101912,1892.01225499694,0,0,0,0,0,0,0,0,0,0,0,0,0,0,0,0,0,0,0
51,0.0179895294854074,101912,1833.34892891684,0,0,0,0,0,0,0,0,0,0,0,0,0,0,0,0,0,0,0
52,0.0170307546351399,101912,1735.63826637637,0,0,0,0,0,0,0,0,0,0,0,0,0,0,0,0,0,0,0
53,0.0366197686398256,101912,3731.99386162191,0,0,0,0,0,0,0,0,0,0,0,0,0,0,0,0,0,0,0
1,0.0392818192699317,64388,0,2529.27777915236,0,0,0,0,0,0,0,0,0,0,0,0,0,0,0,0,0,0
2,0.0372610324016385,64388,0,2399.1633542767,0,0,0,0,0,0,0,0,0,0,0,0,0,0,0,0,0,0
3,0.0326816443431616,64388,0,2104.30571596749,0,0,0,0,0,0,0,0,0,0,0,0,0,0,0,0,0,0
4,0.0250675011230969,64388,0,1614.04626231396,0,0,0,0,0,0,0,0,0,0,0,0,0,0,0,0,0,0
5,0.0251629887530526,64388,0,1620.19451983155,0,0,0,0,0,0,0,0,0,0,0,0,0,0,0,0,0,0
6,0.02019044685025,64388,0,1300.02249179389,0,0,0,0,0,0,0,0,0,0,0,0,0,0,0,0,0,0
7,0.0174663525870441,64388,0,1124.62351037459,0,0,0,0,0,0,0,0,0,0,0,0,0,0,0,0,0,0
8,0.0136792199299279,64388,0,880.777612848195,0,0,0,0,0,0,0,0,0,0,0,0,0,0,0,0,0,0
9,0.0133632439166243,64388,0,860.432549303608,0,0,0,0,0,0,0,0,0,0,0,0,0,0,0,0,0,0
10,0.0100680697965932,64388,0,648.262878063041,0,0,0,0,0,0,0,0,0,0,0,0,0,0,0,0,0,0
11,0.00948145992325086,64388,0,610.492241538277,0,0,0,0,0,0,0,0,0,0,0,0,0,0,0,0,0,0
12,0.00781119818810082,64388,0,502.947428935435,0,0,0,0,0,0,0,0,0,0,0,0,0,0,0,0,0,0
13,0.00725233090960128,64388,0,466.963082607407,0,0,0,0,0,0,0,0,0,0,0,0,0,0,0,0,0,0
14,0.00727735687350628,64388,0,468.574454371322,0,0,0,0,0,0,0,0,0,0,0,0,0,0,0,0,0,0
15,0.00621142413171415,64388,0,399.941176992811,0,0,0,0,0,0,0,0,0,0,0,0,0,0,0,0,0,0
16,0.00732463629739322,64388,0,471.618681916555,0,0,0,0,0,0,0,0,0,0,0,0,0,0,0,0,0,0
17,0.00672019100919222,64388,0,432.699658699868,0,0,0,0,0,0,0,0,0,0,0,0,0,0,0,0,0,0
18,0.00780716272849106,64388,0,502.687593762082,0,0,0,0,0,0,0,0,0,0,0,0,0,0,0,0,0,0
19,0.00709832447599168,64388,0,457.046916360153,0,0,0,0,0,0,0,0,0,0,0,0,0,0,0,0,0,0
20,0.00847529120086417,64388,0,545.707049841242,0,0,0,0,0,0,0,0,0,0,0,0,0,0,0,0,0,0
21,0.00795300035191165,64388,0,512.077786658887,0,0,0,0,0,0,0,0,0,0,0,0,0,0,0,0,0,0
22,0.00866408086404639,64388,0,557.862838674219,0,0,0,0,0,0,0,0,0,0,0,0,0,0,0,0,0,0
23,0.00951308961670945,64388,0,612.528814240688,0,0,0,0,0,0,0,0,0,0,0,0,0,0,0,0,0,0
24,0.0096008045529932,64388,0,618.176603558126,0,0,0,0,0,0,0,0,0,0,0,0,0,0,0,0,0,0
25,0.00855667021594296,64388,0,550.946881864135,0,0,0,0,0,0,0,0,0,0,0,0,0,0,0,0,0,0
26,0.00920497135414501,64388,0,592.689695550689,0,0,0,0,0,0,0,0,0,0,0,0,0,0,0,0,0,0
27,0.0108029771130974,64388,0,695.582090358118,0,0,0,0,0,0,0,0,0,0,0,0,0,0,0,0,0,0
28,0.0123346816934862,64388,0,794.205484880189,0,0,0,0,0,0,0,0,0,0,0,0,0,0,0,0,0,0
29,0.0125432545794373,64388,0,807.635075860809,0,0,0,0,0,0,0,0,0,0,0,0,0,0,0,0,0,0
30,0.0123037526787115,64388,0,792.214027476875,0,0,0,0,0,0,0,0,0,0,0,0,0,0,0,0,0,0
31,0.0153252966759271,64388,0,986.765202369593,0,0,0,0,0,0,0,0,0,0,0,0,0,0,0,0,0,0
32,0.0143413819763432,64388,0,923.412902692786,0,0,0,0,0,0,0,0,0,0,0,0,0,0,0,0,0,0
33,0.0148264304050982,64388,0,954.644200923463,0,0,0,0,0,0,0,0,0,0,0,0,0,0,0,0,0,0
34,0.0142300387009894,64388,0,916.243731879303,0,0,0,0,0,0,0,0,0,0,0,0,0,0,0,0,0,0
35,0.0149531988338116,64388,0,962.806566511464,0,0,0,0,0,0,0,0,0,0,0,0,0,0,0,0,0,0
36,0.0169141188369433,64388,0,1089.06628367311,0,0,0,0,0,0,0,0,0,0,0,0,0,0,0,0,0,0
37,0.0184064854151244,64388,0,1185.15678290903,0,0,0,0,0,0,0,0,0,0,0,0,0,0,0,0,0,0
38,0.018550436185959,64388,0,1194.42548514153,0,0,0,0,0,0,0,0,0,0,0,0,0,0,0,0,0,0
39,0.0191539476223606,64388,0,1233.28437950856,0,0,0,0,0,0,0,0,0,0,0,0,0,0,0,0,0,0
40,0.0204988031823046,64388,0,1319.87693930223,0,0,0,0,0,0,0,0,0,0,0,0,0,0,0,0,0,0
41,0.0216154900217704,64388,0,1391.77817152175,0,0,0,0,0,0,0,0,0,0,0,0,0,0,0,0,0,0
42,0.0255558756999442,64388,0,1645.49172456801,0,0,0,0,0,0,0,0,0,0,0,0,0,0,0,0,0,0
43,0.0262278130387078,64388,0,1688.75642593632,0,0,0,0,0,0,0,0,0,0,0,0,0,0,0,0,0,0
44,0.0289154307372896,64388,0,1861.8067543126,0,0,0,0,0,0,0,0,0,0,0,0,0,0,0,0,0,0
45,0.033110788337099,64388,0,2131.93743944913,0,0,0,0,0,0,0,0,0,0,0,0,0,0,0,0,0,0
46,0.0372703033097466,64388,0,2399.76028950796,0,0,0,0,0,0,0,0,0,0,0,0,0,0,0,0,0,0
47,0.0352956276167172,64388,0,2272.61487098519,0,0,0,0,0,0,0,0,0,0,0,0,0,0,0,0,0,0
48,0.0355473907698616,64388,0,2288.82539688985,0,0,0,0,0,0,0,0,0,0,0,0,0,0,0,0,0,0
49,0.03814814971419,64388,0,2456.28306379726,0,0,0,0,0,0,0,0,0,0,0,0,0,0,0,0,0,0
50,0.0403309666221454,64388,0,2596.8302788667,0,0,0,0,0,0,0,0,0,0,0,0,0,0,0,0,0,0
51,0.0380245394951263,64388,0,2448.32404901219,0,0,0,0,0,0,0,0,0,0,0,0,0,0,0,0,0,0
52,0.0326347412124596,64388,0,2101.28571718785,0,0,0,0,0,0,0,0,0,0,0,0,0,0,0,0,0,0
53,0.0289637678601733,64388,0,1864.91908498084,0,0,0,0,0,0,0,0,0,0,0,0,0,0,0,0,0,0
1,0.0258044298891786,50551,0,0,1304.43973532787,0,0,0,0,0,0,0,0,0,0,0,0,0,0,0,0,0
2,0.0261856531768101,50551,0,0,1323.71095374093,0,0,0,0,0,0,0,0,0,0,0,0,0,0,0,0,0
3,0.0232007450975383,50551,0,0,1172.82086542566,0,0,0,0,0,0,0,0,0,0,0,0,0,0,0,0,0
4,0.0207453265704143,50551,0,0,1048.69700346101,0,0,0,0,0,0,0,0,0,0,0,0,0,0,0,0,0
5,0.0199685846603028,50551,0,0,1009.43192316297,0,0,0,0,0,0,0,0,0,0,0,0,0,0,0,0,0
6,0.0172605264221142,50551,0,0,872.536871164296,0,0,0,0,0,0,0,0,0,0,0,0,0,0,0,0,0
7,0.0141555910176363,50551,0,0,715.579281532532,0,0,0,0,0,0,0,0,0,0,0,0,0,0,0,0,0
8,0.0133618702966052,50551,0,0,675.455905363688,0,0,0,0,0,0,0,0,0,0,0,0,0,0,0,0,0
9,0.0130639992807344,50551,0,0,660.398227640402,0,0,0,0,0,0,0,0,0,0,0,0,0,0,0,0,0
10,0.010414334600535,50551,0,0,526.455028391644,0,0,0,0,0,0,0,0,0,0,0,0,0,0,0,0,0
11,0.0101603598631481,50551,0,0,513.616351441997,0,0,0,0,0,0,0,0,0,0,0,0,0,0,0,0,0
12,0.00801769212120953,50551,0,0,405.302354419263,0,0,0,0,0,0,0,0,0,0,0,0,0,0,0,0,0
13,0.00835544343192361,50551,0,0,422.376020927171,0,0,0,0,0,0,0,0,0,0,0,0,0,0,0,0,0
14,0.00876275602102842,50551,0,0,442.966079619008,0,0,0,0,0,0,0,0,0,0,0,0,0,0,0,0,0
15,0.00946011343939557,50551,0,0,478.218194474885,0,0,0,0,0,0,0,0,0,0,0,0,0,0,0,0,0
16,0.0104085175033437,50551,0,0,526.16096831153,0,0,0,0,0,0,0,0,0,0,0,0,0,0,0,0,0
17,0.00851604936698517,50551,0,0,430.494811550468,0,0,0,0,0,0,0,0,0,0,0,0,0,0,0,0,0
18,0.00959084198111306,50551,0,0,484.826652987246,0,0,0,0,0,0,0,0,0,0,0,0,0,0,0,0,0
19,0.0104140750022912,50551,0,0,526.441905440821,0,0,0,0,0,0,0,0,0,0,0,0,0,0,0,0,0
20,0.0128207423945121,50551,0,0,648.101348784983,0,0,0,0,0,0,0,0,0,0,0,0,0,0,0,0,0
21,0.011840305097914,50551,0,0,598.539263004651,0,0,0,0,0,0,0,0,0,0,0,0,0,0,0,0,0
22,0.0139048367003327,50551,0,0,702.903400038517,0,0,0,0,0,0,0,0,0,0,0,0,0,0,0,0,0
23,0.0148959109911476,50551,0,0,753.0031965135,0,0,0,0,0,0,0,0,0,0,0,0,0,0,0,0,0
24,0.0143824028814234,50551,0,0,727.044848058833,0,0,0,0,0,0,0,0,0,0,0,0,0,0,0,0,0
25,0.0128300515689707,50551,0,0,648.571936863039,0,0,0,0,0,0,0,0,0,0,0,0,0,0,0,0,0
26,0.0166788645238069,50551,0,0,843.133280542964,0,0,0,0,0,0,0,0,0,0,0,0,0,0,0,0,0
27,0.0185358792648706,50551,0,0,937.007232718473,0,0,0,0,0,0,0,0,0,0,0,0,0,0,0,0,0
28,0.0174503453043129,50551,0,0,882.132405478322,0,0,0,0,0,0,0,0,0,0,0,0,0,0,0,0,0
29,0.0172070654713341,50551,0,0,869.834366641408,0,0,0,0,0,0,0,0,0,0,0,0,0,0,0,0,0
30,0.0172369259543074,50551,0,0,871.343843916196,0,0,0,0,0,0,0,0,0,0,0,0,0,0,0,0,0
31,0.0176336853027202,50551,0,0,891.400425737809,0,0,0,0,0,0,0,0,0,0,0,0,0,0,0,0,0
32,0.0161623852417137,50551,0,0,817.024736353867,0,0,0,0,0,0,0,0,0,0,0,0,0,0,0,0,0
33,0.0171761723343384,50551,0,0,868.27268767314,0,0,0,0,0,0,0,0,0,0,0,0,0,0,0,0,0
34,0.0175986292023678,50551,0,0,889.628304808892,0,0,0,0,0,0,0,0,0,0,0,0,0,0,0,0,0
35,0.0190911322904605,50551,0,0,965.075828415068,0,0,0,0,0,0,0,0,0,0,0,0,0,0,0,0,0
36,0.0213837031411415,50551,0,0,1080.96757748784,0,0,0,0,0,0,0,0,0,0,0,0,0,0,0,0,0
37,0.0199750889035169,50551,0,0,1009.76071916168,0,0,0,0,0,0,0,0,0,0,0,0,0,0,0,0,0
38,0.0237257479094629,50551,0,0,1199.36028257126,0,0,0,0,0,0,0,0,0,0,0,0,0,0,0,0,0
39,0.0222530374287117,50551,0,0,1124.9132950588,0,0,0,0,0,0,0,0,0,0,0,0,0,0,0,0,0
40,0.0257881124614654,50551,0,0,1303.61487303954,0,0,0,0,0,0,0,0,0,0,0,0,0,0,0,0,0
41,0.0273832346399055,50551,0,0,1384.24989428186,0,0,0,0,0,0,0,0,0,0,0,0,0,0,0,0,0
42,0.028011125656087,50551,0,0,1415.99041304085,0,0,0,0,0,0,0,0,0,0,0,0,0,0,0,0,0
43,0.0280618600194422,50551,0,0,1418.55508584282,0,0,0,0,0,0,0,0,0,0,0,0,0,0,0,0,0
44,0.0291650749538079,50551,0,0,1474.32370398994,0,0,0,0,0,0,0,0,0,0,0,0,0,0,0,0,0
45,0.0306647734408556,50551,0,0,1550.13496220869,0,0,0,0,0,0,0,0,0,0,0,0,0,0,0,0,0
46,0.0305362108366907,50551,0,0,1543.63599400555,0,0,0,0,0,0,0,0,0,0,0,0,0,0,0,0,0
47,0.0292697860327639,50551,0,0,1479.61695374225,0,0,0,0,0,0,0,0,0,0,0,0,0,0,0,0,0
48,0.0318977971160073,50551,0,0,1612.46554201128,0,0,0,0,0,0,0,0,0,0,0,0,0,0,0,0,0
49,0.0303810174217754,50551,0,0,1535.79081168817,0,0,0,0,0,0,0,0,0,0,0,0,0,0,0,0,0
50,0.0282080889627744,50551,0,0,1425.94710515721,0,0,0,0,0,0,0,0,0,0,0,0,0,0,0,0,0
51,0.0253555431117834,50551,0,0,1281.74805984376,0,0,0,0,0,0,0,0,0,0,0,0,0,0,0,0,0
52,0.0222598852302596,50551,0,0,1125.25945827485,0,0,0,0,0,0,0,0,0,0,0,0,0,0,0,0,0
53,0.0223876684667083,50551,0,0,1131.71902866057,0,0,0,0,0,0,0,0,0,0,0,0,0,0,0,0,0
1,0.0192734808665231,8999,0,0,0,173.442054317841,0,0,0,0,0,0,0,0,0,0,0,0,0,0,0,0
2,0.0191419996308342,8999,0,0,0,172.258854677877,0,0,0,0,0,0,0,0,0,0,0,0,0,0,0,0
3,0.0161400635192463,8999,0,0,0,145.244431609698,0,0,0,0,0,0,0,0,0,0,0,0,0,0,0,0
4,0.0207053320326395,8999,0,0,0,186.327282961723,0,0,0,0,0,0,0,0,0,0,0,0,0,0,0,0
5,0.020352258524046,8999,0,0,0,183.14997445789,0,0,0,0,0,0,0,0,0,0,0,0,0,0,0,0
6,0.0228304404968201,8999,0,0,0,205.451134030884,0,0,0,0,0,0,0,0,0,0,0,0,0,0,0,0
7,0.0252152521279344,8999,0,0,0,226.912053899282,0,0,0,0,0,0,0,0,0,0,0,0,0,0,0,0
8,0.0179104059913587,8999,0,0,0,161.175743516237,0,0,0,0,0,0,0,0,0,0,0,0,0,0,0,0
9,0.0193228030736794,8999,0,0,0,173.885904860041,0,0,0,0,0,0,0,0,0,0,0,0,0,0,0,0
10,0.0239204461984331,8999,0,0,0,215.260095339699,0,0,0,0,0,0,0,0,0,0,0,0,0,0,0,0
11,0.0228531967990008,8999,0,0,0,205.655917994208,0,0,0,0,0,0,0,0,0,0,0,0,0,0,0,0
12,0.0221473019374082,8999,0,0,0,199.303570134737,0,0,0,0,0,0,0,0,0,0,0,0,0,0,0,0
13,0.0206586295877169,8999,0,0,0,185.907007659864,0,0,0,0,0,0,0,0,0,0,0,0,0,0,0,0
14,0.0203368444373384,8999,0,0,0,183.011263091609,0,0,0,0,0,0,0,0,0,0,0,0,0,0,0,0
15,0.0225376704683978,8999,0,0,0,202.816496545112,0,0,0,0,0,0,0,0,0,0,0,0,0,0,0,0
16,0.0245635235073098,8999,0,0,0,221.047148042281,0,0,0,0,0,0,0,0,0,0,0,0,0,0,0,0
17,0.0282878291387473,8999,0,0,0,254.562174419587,0,0,0,0,0,0,0,0,0,0,0,0,0,0,0,0
18,0.0237737381310466,8999,0,0,0,213.939869441288,0,0,0,0,0,0,0,0,0,0,0,0,0,0,0,0
19,0.0280942188829033,8999,0,0,0,252.819875727246,0,0,0,0,0,0,0,0,0,0,0,0,0,0,0,0
20,0.0296858219948554,8999,0,0,0,267.142712131704,0,0,0,0,0,0,0,0,0,0,0,0,0,0,0,0
21,0.0206516167825454,8999,0,0,0,185.843899426126,0,0,0,0,0,0,0,0,0,0,0,0,0,0,0,0
22,0.0260821024491725,8999,0,0,0,234.712839940103,0,0,0,0,0,0,0,0,0,0,0,0,0,0,0,0
23,0.0248958888939111,8999,0,0,0,224.038104156306,0,0,0,0,0,0,0,0,0,0,0,0,0,0,0,0
24,0.0211112842264522,8999,0,0,0,189.980446753843,0,0,0,0,0,0,0,0,0,0,0,0,0,0,0,0
25,0.0165282282833813,8999,0,0,0,148.737526322148,0,0,0,0,0,0,0,0,0,0,0,0,0,0,0,0
26,0.0180042124871846,8999,0,0,0,162.019908172174,0,0,0,0,0,0,0,0,0,0,0,0,0,0,0,0
27,0.0193354647185078,8999,0,0,0,173.999847001852,0,0,0,0,0,0,0,0,0,0,0,0,0,0,0,0
28,0.0160023304022424,8999,0,0,0,144.00497128978,0,0,0,0,0,0,0,0,0,0,0,0,0,0,0,0
29,0.0171117364327551,8999,0,0,0,153.988516158363,0,0,0,0,0,0,0,0,0,0,0,0,0,0,0,0
30,0.0159968112499379,8999,0,0,0,143.955304438191,0,0,0,0,0,0,0,0,0,0,0,0,0,0,0,0
31,0.0148200898629931,8999,0,0,0,133.365988677075,0,0,0,0,0,0,0,0,0,0,0,0,0,0,0,0
32,0.0156670466431311,8999,0,0,0,140.987752741537,0,0,0,0,0,0,0,0,0,0,0,0,0,0,0,0
33,0.014610067490603,8999,0,0,0,131.475997347936,0,0,0,0,0,0,0,0,0,0,0,0,0,0,0,0
34,0.0187990700189272,8999,0,0,0,169.172831100326,0,0,0,0,0,0,0,0,0,0,0,0,0,0,0,0
35,0.012542883142945,8999,0,0,0,112.873405403362,0,0,0,0,0,0,0,0,0,0,0,0,0,0,0,0
36,0.0119474275690755,8999,0,0,0,107.51490069411,0,0,0,0,0,0,0,0,0,0,0,0,0,0,0,0
37,0.0107087879794193,8999,0,0,0,96.3683830267942,0,0,0,0,0,0,0,0,0,0,0,0,0,0,0,0
38,0.0102938396875559,8999,0,0,0,92.6342633483155,0,0,0,0,0,0,0,0,0,0,0,0,0,0,0,0
39,0.0115159264566148,8999,0,0,0,103.631822183077,0,0,0,0,0,0,0,0,0,0,0,0,0,0,0,0
40,0.0135788112648274,8999,0,0,0,122.195722572182,0,0,0,0,0,0,0,0,0,0,0,0,0,0,0,0
41,0.0152611756128854,8999,0,0,0,137.335319340355,0,0,0,0,0,0,0,0,0,0,0,0,0,0,0,0
42,0.0142001972375951,8999,0,0,0,127.787574941119,0,0,0,0,0,0,0,0,0,0,0,0,0,0,0,0
43,0.0139817539589507,8999,0,0,0,125.821803876598,0,0,0,0,0,0,0,0,0,0,0,0,0,0,0,0
44,0.013817456900073,8999,0,0,0,124.343294643757,0,0,0,0,0,0,0,0,0,0,0,0,0,0,0,0
45,0.0152512672585436,8999,0,0,0,137.246154059634,0,0,0,0,0,0,0,0,0,0,0,0,0,0,0,0
46,0.016213822205844,8999,0,0,0,145.90818603039,0,0,0,0,0,0,0,0,0,0,0,0,0,0,0,0
47,0.0196925051211265,8999,0,0,0,177.212853585018,0,0,0,0,0,0,0,0,0,0,0,0,0,0,0,0
48,0.0193654322514219,8999,0,0,0,174.269524830545,0,0,0,0,0,0,0,0,0,0,0,0,0,0,0,0
49,0.0187882786031009,8999,0,0,0,169.075719149305,0,0,0,0,0,0,0,0,0,0,0,0,0,0,0,0
50,0.0216088943188556,8999,0,0,0,194.458439975382,0,0,0,0,0,0,0,0,0,0,0,0,0,0,0,0
51,0.0215970137086873,8999,0,0,0,194.351526364477,0,0,0,0,0,0,0,0,0,0,0,0,0,0,0,0
52,0.0167263642953368,8999,0,0,0,150.520552293736,0,0,0,0,0,0,0,0,0,0,0,0,0,0,0,0
53,0.0155409551391573,8999,0,0,0,139.853055297277,0,0,0,0,0,0,0,0,0,0,0,0,0,0,0,0
1,0.0200554735269971,7287,0,0,0,0,146.144235591228,0,0,0,0,0,0,0,0,0,0,0,0,0,0,0
2,0.0187362786027903,7287,0,0,0,0,136.531262178533,0,0,0,0,0,0,0,0,0,0,0,0,0,0,0
3,0.0226934249648706,7287,0,0,0,0,165.366987719012,0,0,0,0,0,0,0,0,0,0,0,0,0,0,0
4,0.0224574927113438,7287,0,0,0,0,163.647749387563,0,0,0,0,0,0,0,0,0,0,0,0,0,0,0
5,0.0307282977932504,7287,0,0,0,0,223.917106019415,0,0,0,0,0,0,0,0,0,0,0,0,0,0,0
6,0.014284673739383,7287,0,0,0,0,104.092417538884,0,0,0,0,0,0,0,0,0,0,0,0,0,0,0
7,0.0238740386564039,7287,0,0,0,0,173.970119689215,0,0,0,0,0,0,0,0,0,0,0,0,0,0,0
8,0.0219456169202548,7287,0,0,0,0,159.917710497897,0,0,0,0,0,0,0,0,0,0,0,0,0,0,0
9,0.0233227913581578,7287,0,0,0,0,169.953180626896,0,0,0,0,0,0,0,0,0,0,0,0,0,0,0
10,0.0187157996148206,7287,0,0,0,0,136.382031793198,0,0,0,0,0,0,0,0,0,0,0,0,0,0,0
11,0.0234570946832643,7287,0,0,0,0,170.931848956947,0,0,0,0,0,0,0,0,0,0,0,0,0,0,0
12,0.0203516358694735,7287,0,0,0,0,148.302370580854,0,0,0,0,0,0,0,0,0,0,0,0,0,0,0
13,0.0147573742284094,7287,0,0,0,0,107.53698600242,0,0,0,0,0,0,0,0,0,0,0,0,0,0,0
14,0.0175017809590065,7287,0,0,0,0,127.53547784828,0,0,0,0,0,0,0,0,0,0,0,0,0,0,0
15,0.0188800252513896,7287,0,0,0,0,137.578744006876,0,0,0,0,0,0,0,0,0,0,0,0,0,0,0
16,0.0245178393587711,7287,0,0,0,0,178.661495407365,0,0,0,0,0,0,0,0,0,0,0,0,0,0,0
17,0.0220991621615003,7287,0,0,0,0,161.036594670853,0,0,0,0,0,0,0,0,0,0,0,0,0,0,0
18,0.0195908267578734,7287,0,0,0,0,142.758354584623,0,0,0,0,0,0,0,0,0,0,0,0,0,0,0
19,0.0183760812356619,7287,0,0,0,0,133.906503964268,0,0,0,0,0,0,0,0,0,0,0,0,0,0,0
20,0.021027840788546,7287,0,0,0,0,153.229875826135,0,0,0,0,0,0,0,0,0,0,0,0,0,0,0
21,0.0190083554321973,7287,0,0,0,0,138.513886034422,0,0,0,0,0,0,0,0,0,0,0,0,0,0,0
22,0.0195701110729892,7287,0,0,0,0,142.607399388872,0,0,0,0,0,0,0,0,0,0,0,0,0,0,0
23,0.0174666712761601,7287,0,0,0,0,127.279633589379,0,0,0,0,0,0,0,0,0,0,0,0,0,0,0
24,0.0211218828958208,7287,0,0,0,0,153.915160661846,0,0,0,0,0,0,0,0,0,0,0,0,0,0,0
25,0.0199710630902523,7287,0,0,0,0,145.529136738668,0,0,0,0,0,0,0,0,0,0,0,0,0,0,0
26,0.0232133418596145,7287,0,0,0,0,169.155622131011,0,0,0,0,0,0,0,0,0,0,0,0,0,0,0
27,0.0215905642216577,7287,0,0,0,0,157.33044148322,0,0,0,0,0,0,0,0,0,0,0,0,0,0,0
28,0.0162999925905187,7287,0,0,0,0,118.77804600711,0,0,0,0,0,0,0,0,0,0,0,0,0,0,0
29,0.0202591616383121,7287,0,0,0,0,147.62851085838,0,0,0,0,0,0,0,0,0,0,0,0,0,0,0
30,0.0199318825791756,7287,0,0,0,0,145.243628354453,0,0,0,0,0,0,0,0,0,0,0,0,0,0,0
31,0.0188756776314999,7287,0,0,0,0,137.54706290074,0,0,0,0,0,0,0,0,0,0,0,0,0,0,0
32,0.0149506730029628,7287,0,0,0,0,108.94555417259,0,0,0,0,0,0,0,0,0,0,0,0,0,0,0
33,0.0154552696544772,7287,0,0,0,0,112.622549972175,0,0,0,0,0,0,0,0,0,0,0,0,0,0,0
34,0.0179967545157559,7287,0,0,0,0,131.142350156313,0,0,0,0,0,0,0,0,0,0,0,0,0,0,0
35,0.015769721808964,7287,0,0,0,0,114.913962821921,0,0,0,0,0,0,0,0,0,0,0,0,0,0,0
36,0.0149758233722582,7287,0,0,0,0,109.128824913645,0,0,0,0,0,0,0,0,0,0,0,0,0,0,0
37,0.00955984687959909,7287,0,0,0,0,69.6626042116386,0,0,0,0,0,0,0,0,0,0,0,0,0,0,0
38,0.0131285191524178,7287,0,0,0,0,95.6675190636682,0,0,0,0,0,0,0,0,0,0,0,0,0,0,0
39,0.0161212261168249,7287,0,0,0,0,117.475374713303,0,0,0,0,0,0,0,0,0,0,0,0,0,0,0
40,0.0151231724933317,7287,0,0,0,0,110.202557958908,0,0,0,0,0,0,0,0,0,0,0,0,0,0,0
41,0.0134835013203572,7287,0,0,0,0,98.2542741214431,0,0,0,0,0,0,0,0,0,0,0,0,0,0,0
42,0.0210295215829236,7287,0,0,0,0,153.242123774764,0,0,0,0,0,0,0,0,0,0,0,0,0,0,0
43,0.0195776004735224,7287,0,0,0,0,142.661974650557,0,0,0,0,0,0,0,0,0,0,0,0,0,0,0
44,0.0138264125184266,7287,0,0,0,0,100.753068021775,0,0,0,0,0,0,0,0,0,0,0,0,0,0,0
45,0.0176153989523463,7287,0,0,0,0,128.363412165748,0,0,0,0,0,0,0,0,0,0,0,0,0,0,0
46,0.0146880961943546,7287,0,0,0,0,107.032156968262,0,0,0,0,0,0,0,0,0,0,0,0,0,0,0
47,0.0166539576105257,7287,0,0,0,0,121.357389107901,0,0,0,0,0,0,0,0,0,0,0,0,0,0,0
48,0.0217661631601166,7287,0,0,0,0,158.61003094777,0,0,0,0,0,0,0,0,0,0,0,0,0,0,0
49,0.0170929148838695,7287,0,0,0,0,124.556070758757,0,0,0,0,0,0,0,0,0,0,0,0,0,0,0
50,0.014667622483179,7287,0,0,0,0,106.882965034925,0,0,0,0,0,0,0,0,0,0,0,0,0,0,0
51,0.0156361600262424,7287,0,0,0,0,113.940698111228,0,0,0,0,0,0,0,0,0,0,0,0,0,0,0
52,0.0139410225888747,7287,0,0,0,0,101.58823160513,0,0,0,0,0,0,0,0,0,0,0,0,0,0,0
53,0.0322583677383032,7287,0,0,0,0,235.066725709016,0,0,0,0,0,0,0,0,0,0,0,0,0,0,0
1,0.0162107816309287,10574,0,0,0,0,0,171.41280496544,0,0,0,0,0,0,0,0,0,0,0,0,0,0
2,0.0188948301052904,10574,0,0,0,0,0,199.793933533341,0,0,0,0,0,0,0,0,0,0,0,0,0,0
3,0.0173915271844449,10574,0,0,0,0,0,183.898008448321,0,0,0,0,0,0,0,0,0,0,0,0,0,0
4,0.018988268387609,10574,0,0,0,0,0,200.781949930577,0,0,0,0,0,0,0,0,0,0,0,0,0,0
5,0.0214688620896474,10574,0,0,0,0,0,227.011747735931,0,0,0,0,0,0,0,0,0,0,0,0,0,0
6,0.0233854950687327,10574,0,0,0,0,0,247.27822485678,0,0,0,0,0,0,0,0,0,0,0,0,0,0
7,0.0233113390480874,10574,0,0,0,0,0,246.494099094477,0,0,0,0,0,0,0,0,0,0,0,0,0,0
8,0.0235256260358376,10574,0,0,0,0,0,248.759969702947,0,0,0,0,0,0,0,0,0,0,0,0,0,0
9,0.0230683923371176,10574,0,0,0,0,0,243.925180572682,0,0,0,0,0,0,0,0,0,0,0,0,0,0
10,0.0211563254964056,10574,0,0,0,0,0,223.706985798993,0,0,0,0,0,0,0,0,0,0,0,0,0,0
11,0.0188001406227773,10574,0,0,0,0,0,198.792686945247,0,0,0,0,0,0,0,0,0,0,0,0,0,0
12,0.0193173881464626,10574,0,0,0,0,0,204.262062260696,0,0,0,0,0,0,0,0,0,0,0,0,0,0
13,0.0194380411698689,10574,0,0,0,0,0,205.537847330193,0,0,0,0,0,0,0,0,0,0,0,0,0,0
14,0.0218469444763812,10574,0,0,0,0,0,231.009590893255,0,0,0,0,0,0,0,0,0,0,0,0,0,0
15,0.0240361938255691,10574,0,0,0,0,0,254.158713511568,0,0,0,0,0,0,0,0,0,0,0,0,0,0
16,0.0234378390061908,10574,0,0,0,0,0,247.831709651461,0,0,0,0,0,0,0,0,0,0,0,0,0,0
17,0.0195830554265368,10574,0,0,0,0,0,207.0712280802,0,0,0,0,0,0,0,0,0,0,0,0,0,0
18,0.0258019697077762,10574,0,0,0,0,0,272.830027690026,0,0,0,0,0,0,0,0,0,0,0,0,0,0
19,0.029395528269332,10574,0,0,0,0,0,310.828315919917,0,0,0,0,0,0,0,0,0,0,0,0,0,0
20,0.0267962422382505,10574,0,0,0,0,0,283.34346542726,0,0,0,0,0,0,0,0,0,0,0,0,0,0
21,0.0248461738944109,10574,0,0,0,0,0,262.723442759501,0,0,0,0,0,0,0,0,0,0,0,0,0,0
22,0.0258092090934807,10574,0,0,0,0,0,272.906576954465,0,0,0,0,0,0,0,0,0,0,0,0,0,0
23,0.0203140022326523,10574,0,0,0,0,0,214.800259608065,0,0,0,0,0,0,0,0,0,0,0,0,0,0
24,0.0208311128138111,10574,0,0,0,0,0,220.268186893238,0,0,0,0,0,0,0,0,0,0,0,0,0,0
25,0.0181327425338583,10574,0,0,0,0,0,191.735619553018,0,0,0,0,0,0,0,0,0,0,0,0,0,0
26,0.0164288436314651,10574,0,0,0,0,0,173.718592559112,0,0,0,0,0,0,0,0,0,0,0,0,0,0
27,0.0175119333029932,10574,0,0,0,0,0,185.17118274585,0,0,0,0,0,0,0,0,0,0,0,0,0,0
28,0.0170779328775616,10574,0,0,0,0,0,180.582062247337,0,0,0,0,0,0,0,0,0,0,0,0,0,0
29,0.0147127575452905,10574,0,0,0,0,0,155.572698283902,0,0,0,0,0,0,0,0,0,0,0,0,0,0
30,0.0128920729362008,10574,0,0,0,0,0,136.320779227387,0,0,0,0,0,0,0,0,0,0,0,0,0,0
31,0.0128389728795004,10574,0,0,0,0,0,135.759299227837,0,0,0,0,0,0,0,0,0,0,0,0,0,0
32,0.0112792597401007,10574,0,0,0,0,0,119.266892491825,0,0,0,0,0,0,0,0,0,0,0,0,0,0
33,0.0137355060737402,10574,0,0,0,0,0,145.239241223728,0,0,0,0,0,0,0,0,0,0,0,0,0,0
34,0.0124815542302394,10574,0,0,0,0,0,131.979954430551,0,0,0,0,0,0,0,0,0,0,0,0,0,0
35,0.0113122145843383,10574,0,0,0,0,0,119.615357014793,0,0,0,0,0,0,0,0,0,0,0,0,0,0
36,0.0111237464322762,10574,0,0,0,0,0,117.622494774888,0,0,0,0,0,0,0,0,0,0,0,0,0,0
37,0.0114085770062929,10574,0,0,0,0,0,120.634293264541,0,0,0,0,0,0,0,0,0,0,0,0,0,0
38,0.0158191605566849,10574,0,0,0,0,0,167.271803726386,0,0,0,0,0,0,0,0,0,0,0,0,0,0
39,0.0130157467016838,10574,0,0,0,0,0,137.628505623605,0,0,0,0,0,0,0,0,0,0,0,0,0,0
40,0.0128729823569407,10574,0,0,0,0,0,136.118915442291,0,0,0,0,0,0,0,0,0,0,0,0,0,0
41,0.0133054634833919,10574,0,0,0,0,0,140.691970873386,0,0,0,0,0,0,0,0,0,0,0,0,0,0
42,0.0134969533189014,10574,0,0,0,0,0,142.716784394064,0,0,0,0,0,0,0,0,0,0,0,0,0,0
43,0.0150911543930876,10574,0,0,0,0,0,159.573866552508,0,0,0,0,0,0,0,0,0,0,0,0,0,0
44,0.0152087165790769,10574,0,0,0,0,0,160.816969107159,0,0,0,0,0,0,0,0,0,0,0,0,0,0
45,0.0147721406782318,10574,0,0,0,0,0,156.200615531623,0,0,0,0,0,0,0,0,0,0,0,0,0,0
46,0.0173199292893857,10574,0,0,0,0,0,183.140932305965,0,0,0,0,0,0,0,0,0,0,0,0,0,0
47,0.0178027092361144,10574,0,0,0,0,0,188.245847462674,0,0,0,0,0,0,0,0,0,0,0,0,0,0
48,0.0191499881157432,10574,0,0,0,0,0,202.491974335869,0,0,0,0,0,0,0,0,0,0,0,0,0,0
49,0.0223600230628624,10574,0,0,0,0,0,236.434883866707,0,0,0,0,0,0,0,0,0,0,0,0,0,0
50,0.0234068677251315,10574,0,0,0,0,0,247.504219325541,0,0,0,0,0,0,0,0,0,0,0,0,0,0
51,0.0220796656658342,10574,0,0,0,0,0,233.470384750531,0,0,0,0,0,0,0,0,0,0,0,0,0,0
52,0.0221332903775527,10574,0,0,0,0,0,234.037412452242,0,0,0,0,0,0,0,0,0,0,0,0,0,0
53,0.0335738063779174,10574,0,0,0,0,0,355.009428640099,0,0,0,0,0,0,0,0,0,0,0,0,0,0
1,0.0239761049097161,46085,0,0,0,0,0,0,1104.93879476426,0,0,0,0,0,0,0,0,0,0,0,0,0
2,0.0203742807604722,46085,0,0,0,0,0,0,938.948728846362,0,0,0,0,0,0,0,0,0,0,0,0,0
3,0.0217214947347221,46085,0,0,0,0,0,0,1001.03508484967,0,0,0,0,0,0,0,0,0,0,0,0,0
4,0.0193505781215264,46085,0,0,0,0,0,0,891.771392730542,0,0,0,0,0,0,0,0,0,0,0,0,0
5,0.0184201457381103,46085,0,0,0,0,0,0,848.892416340811,0,0,0,0,0,0,0,0,0,0,0,0,0
6,0.0168738197139127,46085,0,0,0,0,0,0,777.629981515666,0,0,0,0,0,0,0,0,0,0,0,0,0
7,0.0148617963851769,46085,0,0,0,0,0,0,684.905886410877,0,0,0,0,0,0,0,0,0,0,0,0,0
8,0.0136388095053317,46085,0,0,0,0,0,0,628.544536053211,0,0,0,0,0,0,0,0,0,0,0,0,0
9,0.0119456409556604,46085,0,0,0,0,0,0,550.514863441611,0,0,0,0,0,0,0,0,0,0,0,0,0
10,0.0124414363322273,46085,0,0,0,0,0,0,573.363593370693,0,0,0,0,0,0,0,0,0,0,0,0,0
11,0.0108445893382562,46085,0,0,0,0,0,0,499.772899653535,0,0,0,0,0,0,0,0,0,0,0,0,0
12,0.0101452094657957,46085,0,0,0,0,0,0,467.541978231196,0,0,0,0,0,0,0,0,0,0,0,0,0
13,0.0092750067897679,46085,0,0,0,0,0,0,427.438687906454,0,0,0,0,0,0,0,0,0,0,0,0,0
14,0.00913997725774042,46085,0,0,0,0,0,0,421.215851922967,0,0,0,0,0,0,0,0,0,0,0,0,0
15,0.00787036890948299,46085,0,0,0,0,0,0,362.705951193524,0,0,0,0,0,0,0,0,0,0,0,0,0
16,0.0101991906355662,46085,0,0,0,0,0,0,470.029700440068,0,0,0,0,0,0,0,0,0,0,0,0,0
17,0.0102367804344622,46085,0,0,0,0,0,0,471.762026322191,0,0,0,0,0,0,0,0,0,0,0,0,0
18,0.0104720880110825,46085,0,0,0,0,0,0,482.606175990739,0,0,0,0,0,0,0,0,0,0,0,0,0
19,0.0125801802541012,46085,0,0,0,0,0,0,579.757607010256,0,0,0,0,0,0,0,0,0,0,0,0,0
20,0.0117977634097316,46085,0,0,0,0,0,0,543.699926737478,0,0,0,0,0,0,0,0,0,0,0,0,0
21,0.0138964213382732,46085,0,0,0,0,0,0,640.41657737432,0,0,0,0,0,0,0,0,0,0,0,0,0
22,0.016402459753941,46085,0,0,0,0,0,0,755.907357760371,0,0,0,0,0,0,0,0,0,0,0,0,0
23,0.0177312229964435,46085,0,0,0,0,0,0,817.143411791098,0,0,0,0,0,0,0,0,0,0,0,0,0
24,0.0188700781683411,46085,0,0,0,0,0,0,869.627552388,0,0,0,0,0,0,0,0,0,0,0,0,0
25,0.0177635118839735,46085,0,0,0,0,0,0,818.631445172919,0,0,0,0,0,0,0,0,0,0,0,0,0
26,0.0178121153379691,46085,0,0,0,0,0,0,820.871335350305,0,0,0,0,0,0,0,0,0,0,0,0,0
27,0.021583618479497,46085,0,0,0,0,0,0,994.681057627618,0,0,0,0,0,0,0,0,0,0,0,0,0
28,0.0223304236394016,46085,0,0,0,0,0,0,1029.09757342182,0,0,0,0,0,0,0,0,0,0,0,0,0
29,0.0220385269844919,46085,0,0,0,0,0,0,1015.64551608031,0,0,0,0,0,0,0,0,0,0,0,0,0
30,0.0197478723197418,46085,0,0,0,0,0,0,910.080695855299,0,0,0,0,0,0,0,0,0,0,0,0,0
31,0.0204702707337363,46085,0,0,0,0,0,0,943.372426764239,0,0,0,0,0,0,0,0,0,0,0,0,0
32,0.0193389134246236,46085,0,0,0,0,0,0,891.233825173779,0,0,0,0,0,0,0,0,0,0,0,0,0
33,0.017772317185033,46085,0,0,0,0,0,0,819.037237472246,0,0,0,0,0,0,0,0,0,0,0,0,0
34,0.0186177762272613,46085,0,0,0,0,0,0,858.000217433336,0,0,0,0,0,0,0,0,0,0,0,0,0
35,0.0199978724537786,46085,0,0,0,0,0,0,921.601952032389,0,0,0,0,0,0,0,0,0,0,0,0,0
36,0.019387109544517,46085,0,0,0,0,0,0,893.454943359065,0,0,0,0,0,0,0,0,0,0,0,0,0
37,0.0178918349828295,46085,0,0,0,0,0,0,824.545215183696,0,0,0,0,0,0,0,0,0,0,0,0,0
38,0.0204710829164464,46085,0,0,0,0,0,0,943.409856204431,0,0,0,0,0,0,0,0,0,0,0,0,0
39,0.0217556224653286,46085,0,0,0,0,0,0,1002.60786131467,0,0,0,0,0,0,0,0,0,0,0,0,0
40,0.020805011034333,46085,0,0,0,0,0,0,958.798933517237,0,0,0,0,0,0,0,0,0,0,0,0,0
41,0.0229921965130805,46085,0,0,0,0,0,0,1059.59537630532,0,0,0,0,0,0,0,0,0,0,0,0,0
42,0.0244667448928077,46085,0,0,0,0,0,0,1127.54993838504,0,0,0,0,0,0,0,0,0,0,0,0,0
43,0.0241450129319365,46085,0,0,0,0,0,0,1112.72292096829,0,0,0,0,0,0,0,0,0,0,0,0,0
44,0.0247715596247971,46085,0,0,0,0,0,0,1141.59732530877,0,0,0,0,0,0,0,0,0,0,0,0,0
45,0.0271695452827899,46085,0,0,0,0,0,0,1252.10849435737,0,0,0,0,0,0,0,0,0,0,0,0,0
46,0.0269875071095006,46085,0,0,0,0,0,0,1243.71926514133,0,0,0,0,0,0,0,0,0,0,0,0,0
47,0.0258840099985519,46085,0,0,0,0,0,0,1192.86460078326,0,0,0,0,0,0,0,0,0,0,0,0,0
48,0.0251901492287231,46085,0,0,0,0,0,0,1160.8880272057,0,0,0,0,0,0,0,0,0,0,0,0,0
49,0.0273231755766217,46085,0,0,0,0,0,0,1259.18854644861,0,0,0,0,0,0,0,0,0,0,0,0,0
50,0.025378556790891,46085,0,0,0,0,0,0,1169.57078970821,0,0,0,0,0,0,0,0,0,0,0,0,0
51,0.0253569570398099,46085,0,0,0,0,0,0,1168.57536517964,0,0,0,0,0,0,0,0,0,0,0,0,0
52,0.0230383117551544,46085,0,0,0,0,0,0,1061.72059723629,0,0,0,0,0,0,0,0,0,0,0,0,0
53,0.0364469497225317,46085,0,0,0,0,0,0,1679.65767796287,0,0,0,0,0,0,0,0,0,0,0,0,0
1,0.0263146997596608,34275,0,0,0,0,0,0,0,901.936334262373,0,0,0,0,0,0,0,0,0,0,0,0
2,0.026771974994711,34275,0,0,0,0,0,0,0,917.609442943721,0,0,0,0,0,0,0,0,0,0,0,0
3,0.0254569215762632,34275,0,0,0,0,0,0,0,872.53598702642,0,0,0,0,0,0,0,0,0,0,0,0
4,0.0239597619362998,34275,0,0,0,0,0,0,0,821.220840366676,0,0,0,0,0,0,0,0,0,0,0,0
5,0.0217813038949595,34275,0,0,0,0,0,0,0,746.554190999737,0,0,0,0,0,0,0,0,0,0,0,0
6,0.0199625941269822,34275,0,0,0,0,0,0,0,684.217913702313,0,0,0,0,0,0,0,0,0,0,0,0
7,0.0193026188437778,34275,0,0,0,0,0,0,0,661.597260870484,0,0,0,0,0,0,0,0,0,0,0,0
8,0.0181871537081736,34275,0,0,0,0,0,0,0,623.364693347651,0,0,0,0,0,0,0,0,0,0,0,0
9,0.0157838881395988,34275,0,0,0,0,0,0,0,540.992765984748,0,0,0,0,0,0,0,0,0,0,0,0
10,0.0140662389753882,34275,0,0,0,0,0,0,0,482.120340881429,0,0,0,0,0,0,0,0,0,0,0,0
11,0.0125062055195716,34275,0,0,0,0,0,0,0,428.650194183317,0,0,0,0,0,0,0,0,0,0,0,0
12,0.010999079900182,34275,0,0,0,0,0,0,0,376.993463578736,0,0,0,0,0,0,0,0,0,0,0,0
13,0.00915851666634264,34275,0,0,0,0,0,0,0,313.908158738894,0,0,0,0,0,0,0,0,0,0,0,0
14,0.00987759973202503,34275,0,0,0,0,0,0,0,338.554730815158,0,0,0,0,0,0,0,0,0,0,0,0
15,0.0111408295432299,34275,0,0,0,0,0,0,0,381.851932594204,0,0,0,0,0,0,0,0,0,0,0,0
16,0.00933913713284819,34275,0,0,0,0,0,0,0,320.098925228372,0,0,0,0,0,0,0,0,0,0,0,0
17,0.00817128330541554,34275,0,0,0,0,0,0,0,280.070735293118,0,0,0,0,0,0,0,0,0,0,0,0
18,0.010647122848773,34275,0,0,0,0,0,0,0,364.930135641696,0,0,0,0,0,0,0,0,0,0,0,0
19,0.0135774291529593,34275,0,0,0,0,0,0,0,465.366384217679,0,0,0,0,0,0,0,0,0,0,0,0
20,0.0138429206504561,34275,0,0,0,0,0,0,0,474.466105294381,0,0,0,0,0,0,0,0,0,0,0,0
21,0.0139230681831249,34275,0,0,0,0,0,0,0,477.213161976606,0,0,0,0,0,0,0,0,0,0,0,0
22,0.0144263487765242,34275,0,0,0,0,0,0,0,494.463104315366,0,0,0,0,0,0,0,0,0,0,0,0
23,0.0166474588164162,34275,0,0,0,0,0,0,0,570.591650932666,0,0,0,0,0,0,0,0,0,0,0,0
24,0.0164874229631258,34275,0,0,0,0,0,0,0,565.106422061137,0,0,0,0,0,0,0,0,0,0,0,0
25,0.0168615528169261,34275,0,0,0,0,0,0,0,577.929722800143,0,0,0,0,0,0,0,0,0,0,0,0
26,0.0184569592992003,34275,0,0,0,0,0,0,0,632.61227998009,0,0,0,0,0,0,0,0,0,0,0,0
27,0.0202656152076568,34275,0,0,0,0,0,0,0,694.603961242437,0,0,0,0,0,0,0,0,0,0,0,0
28,0.0208701612082892,34275,0,0,0,0,0,0,0,715.324775414112,0,0,0,0,0,0,0,0,0,0,0,0
29,0.0209620723212032,34275,0,0,0,0,0,0,0,718.47502880924,0,0,0,0,0,0,0,0,0,0,0,0
30,0.0195777012235353,34275,0,0,0,0,0,0,0,671.025709436671,0,0,0,0,0,0,0,0,0,0,0,0
31,0.0202244077600234,34275,0,0,0,0,0,0,0,693.191575974801,0,0,0,0,0,0,0,0,0,0,0,0
32,0.0201003508343116,34275,0,0,0,0,0,0,0,688.93952484603,0,0,0,0,0,0,0,0,0,0,0,0
33,0.0224508723151111,34275,0,0,0,0,0,0,0,769.503648600433,0,0,0,0,0,0,0,0,0,0,0,0
34,0.0217538811691513,34275,0,0,0,0,0,0,0,745.614277072662,0,0,0,0,0,0,0,0,0,0,0,0
35,0.0234627557396705,34275,0,0,0,0,0,0,0,804.185952977207,0,0,0,0,0,0,0,0,0,0,0,0
36,0.0199509348249289,34275,0,0,0,0,0,0,0,683.818291124438,0,0,0,0,0,0,0,0,0,0,0,0
37,0.0204939473195716,34275,0,0,0,0,0,0,0,702.430044378316,0,0,0,0,0,0,0,0,0,0,0,0
38,0.0223754578990542,34275,0,0,0,0,0,0,0,766.918819490083,0,0,0,0,0,0,0,0,0,0,0,0
39,0.0217467132581491,34275,0,0,0,0,0,0,0,745.368596923061,0,0,0,0,0,0,0,0,0,0,0,0
40,0.0238396292919734,34275,0,0,0,0,0,0,0,817.10329398239,0,0,0,0,0,0,0,0,0,0,0,0
41,0.0229578391696372,34275,0,0,0,0,0,0,0,786.879937539316,0,0,0,0,0,0,0,0,0,0,0,0
42,0.0232798110586533,34275,0,0,0,0,0,0,0,797.91552403534,0,0,0,0,0,0,0,0,0,0,0,0
43,0.0204597964219151,34275,0,0,0,0,0,0,0,701.259522361142,0,0,0,0,0,0,0,0,0,0,0,0
44,0.0213286291236182,34275,0,0,0,0,0,0,0,731.038763212013,0,0,0,0,0,0,0,0,0,0,0,0
45,0.0209959925314684,34275,0,0,0,0,0,0,0,719.637644016079,0,0,0,0,0,0,0,0,0,0,0,0
46,0.0240323174733699,34275,0,0,0,0,0,0,0,823.707681399755,0,0,0,0,0,0,0,0,0,0,0,0
47,0.0204415522709136,34275,0,0,0,0,0,0,0,700.634204085563,0,0,0,0,0,0,0,0,0,0,0,0
48,0.0224505265255258,34275,0,0,0,0,0,0,0,769.491796662398,0,0,0,0,0,0,0,0,0,0,0,0
49,0.0228617252708754,34275,0,0,0,0,0,0,0,783.585633659256,0,0,0,0,0,0,0,0,0,0,0,0
50,0.0223659258943721,34275,0,0,0,0,0,0,0,766.592110029604,0,0,0,0,0,0,0,0,0,0,0,0
51,0.0202933943432209,34275,0,0,0,0,0,0,0,695.556091113896,0,0,0,0,0,0,0,0,0,0,0,0
52,0.018919488346955,34275,0,0,0,0,0,0,0,648.465463091881,0,0,0,0,0,0,0,0,0,0,0,0
53,0.0238884099339099,34275,0,0,0,0,0,0,0,818.775250484761,0,0,0,0,0,0,0,0,0,0,0,0
1,0.0214707360203088,39899,0,0,0,0,0,0,0,0,856.660896474302,0,0,0,0,0,0,0,0,0,0,0
2,0.0212643076541523,39899,0,0,0,0,0,0,0,0,848.424611093022,0,0,0,0,0,0,0,0,0,0,0
3,0.0227459720230012,39899,0,0,0,0,0,0,0,0,907.541537745726,0,0,0,0,0,0,0,0,0,0,0
4,0.0201096336910964,39899,0,0,0,0,0,0,0,0,802.354274641054,0,0,0,0,0,0,0,0,0,0,0
5,0.020548851458894,39899,0,0,0,0,0,0,0,0,819.878624358412,0,0,0,0,0,0,0,0,0,0,0
6,0.0219436401351771,39899,0,0,0,0,0,0,0,0,875.529297753432,0,0,0,0,0,0,0,0,0,0,0
7,0.0203822459823794,39899,0,0,0,0,0,0,0,0,813.231232450957,0,0,0,0,0,0,0,0,0,0,0
8,0.0190217937502916,39899,0,0,0,0,0,0,0,0,758.950548842884,0,0,0,0,0,0,0,0,0,0,0
9,0.0198393039288197,39899,0,0,0,0,0,0,0,0,791.568387455977,0,0,0,0,0,0,0,0,0,0,0
10,0.0192258598525287,39899,0,0,0,0,0,0,0,0,767.092582256043,0,0,0,0,0,0,0,0,0,0,0
11,0.0192870087383155,39899,0,0,0,0,0,0,0,0,769.532361650051,0,0,0,0,0,0,0,0,0,0,0
12,0.0184925619007629,39899,0,0,0,0,0,0,0,0,737.834727278538,0,0,0,0,0,0,0,0,0,0,0
13,0.020796771663223,39899,0,0,0,0,0,0,0,0,829.770392590936,0,0,0,0,0,0,0,0,0,0,0
14,0.0208019580613151,39899,0,0,0,0,0,0,0,0,829.97732468841,0,0,0,0,0,0,0,0,0,0,0
15,0.0218751808756873,39899,0,0,0,0,0,0,0,0,872.797841759049,0,0,0,0,0,0,0,0,0,0,0
16,0.019521788002756,39899,0,0,0,0,0,0,0,0,778.89981952196,0,0,0,0,0,0,0,0,0,0,0
17,0.020747761135257,39899,0,0,0,0,0,0,0,0,827.814921535619,0,0,0,0,0,0,0,0,0,0,0
18,0.020145249020679,39899,0,0,0,0,0,0,0,0,803.775290676072,0,0,0,0,0,0,0,0,0,0,0
19,0.0191272142658539,39899,0,0,0,0,0,0,0,0,763.156721993303,0,0,0,0,0,0,0,0,0,0,0
20,0.0186282745413702,39899,0,0,0,0,0,0,0,0,743.249525926128,0,0,0,0,0,0,0,0,0,0,0
21,0.0203525775725599,39899,0,0,0,0,0,0,0,0,812.047492567568,0,0,0,0,0,0,0,0,0,0,0
22,0.0201685336333596,39899,0,0,0,0,0,0,0,0,804.704323437413,0,0,0,0,0,0,0,0,0,0,0
23,0.0165733315367156,39899,0,0,0,0,0,0,0,0,661.259354983417,0,0,0,0,0,0,0,0,0,0,0
24,0.0170290923681848,39899,0,0,0,0,0,0,0,0,679.443756398206,0,0,0,0,0,0,0,0,0,0,0
25,0.0151177142805153,39899,0,0,0,0,0,0,0,0,603.181682078278,0,0,0,0,0,0,0,0,0,0,0
26,0.0145446794366876,39899,0,0,0,0,0,0,0,0,580.318164844398,0,0,0,0,0,0,0,0,0,0,0
27,0.017726427602504,39899,0,0,0,0,0,0,0,0,707.266734912305,0,0,0,0,0,0,0,0,0,0,0
28,0.0157587095329868,39899,0,0,0,0,0,0,0,0,628.756751656642,0,0,0,0,0,0,0,0,0,0,0
29,0.0148940492397282,39899,0,0,0,0,0,0,0,0,594.257670615917,0,0,0,0,0,0,0,0,0,0,0
30,0.0138807662385727,39899,0,0,0,0,0,0,0,0,553.828692152812,0,0,0,0,0,0,0,0,0,0,0
31,0.0128613127520759,39899,0,0,0,0,0,0,0,0,513.153517495077,0,0,0,0,0,0,0,0,0,0,0
32,0.0142313016260676,39899,0,0,0,0,0,0,0,0,567.814703578471,0,0,0,0,0,0,0,0,0,0,0
33,0.0141847426374771,39899,0,0,0,0,0,0,0,0,565.957046492697,0,0,0,0,0,0,0,0,0,0,0
34,0.0145805931555861,39899,0,0,0,0,0,0,0,0,581.751086314731,0,0,0,0,0,0,0,0,0,0,0
35,0.0154625656502702,39899,0,0,0,0,0,0,0,0,616.940906880132,0,0,0,0,0,0,0,0,0,0,0
36,0.0147227256142067,39899,0,0,0,0,0,0,0,0,587.422029281233,0,0,0,0,0,0,0,0,0,0,0
37,0.0172435470058544,39899,0,0,0,0,0,0,0,0,688.000281986586,0,0,0,0,0,0,0,0,0,0,0
38,0.0190215319099043,39899,0,0,0,0,0,0,0,0,758.940101673272,0,0,0,0,0,0,0,0,0,0,0
39,0.0174851107068501,39899,0,0,0,0,0,0,0,0,697.638432092611,0,0,0,0,0,0,0,0,0,0,0
40,0.0174627737778328,39899,0,0,0,0,0,0,0,0,696.747210961752,0,0,0,0,0,0,0,0,0,0,0
41,0.018270209000608,39899,0,0,0,0,0,0,0,0,728.96306891526,0,0,0,0,0,0,0,0,0,0,0
42,0.0191024428050566,39899,0,0,0,0,0,0,0,0,762.168365478952,0,0,0,0,0,0,0,0,0,0,0
43,0.0191117376924933,39899,0,0,0,0,0,0,0,0,762.539222192789,0,0,0,0,0,0,0,0,0,0,0
44,0.0182045239911894,39899,0,0,0,0,0,0,0,0,726.342302724467,0,0,0,0,0,0,0,0,0,0,0
45,0.0179275174260315,39899,0,0,0,0,0,0,0,0,715.290017781231,0,0,0,0,0,0,0,0,0,0,0
46,0.0186185949825622,39899,0,0,0,0,0,0,0,0,742.86332120925,0,0,0,0,0,0,0,0,0,0,0
47,0.0202355712685189,39899,0,0,0,0,0,0,0,0,807.379058042637,0,0,0,0,0,0,0,0,0,0,0
48,0.0161142486651165,39899,0,0,0,0,0,0,0,0,642.942407489482,0,0,0,0,0,0,0,0,0,0,0
49,0.0189344765054598,39899,0,0,0,0,0,0,0,0,755.466678091341,0,0,0,0,0,0,0,0,0,0,0
50,0.0204109001505672,39899,0,0,0,0,0,0,0,0,814.374505107482,0,0,0,0,0,0,0,0,0,0,0
51,0.0241809617572597,39899,0,0,0,0,0,0,0,0,964.796193152905,0,0,0,0,0,0,0,0,0,0,0
52,0.0218756607008309,39899,0,0,0,0,0,0,0,0,872.816986302451,0,0,0,0,0,0,0,0,0,0,0
53,0.037734956074497,39899,0,0,0,0,0,0,0,0,1505.58701241636,0,0,0,0,0,0,0,0,0,0,0
1,0.0355010349985004,17711,0,0,0,0,0,0,0,0,0,628.758830858441,0,0,0,0,0,0,0,0,0,0
2,0.0326912347820449,17711,0,0,0,0,0,0,0,0,0,578.994459224796,0,0,0,0,0,0,0,0,0,0
3,0.0316968183610601,17711,0,0,0,0,0,0,0,0,0,561.382349992735,0,0,0,0,0,0,0,0,0,0
4,0.0306403196777048,17711,0,0,0,0,0,0,0,0,0,542.67070181183,0,0,0,0,0,0,0,0,0,0
5,0.0309734586614861,17711,0,0,0,0,0,0,0,0,0,548.570926353581,0,0,0,0,0,0,0,0,0,0
6,0.0258827795684635,17711,0,0,0,0,0,0,0,0,0,458.409908937058,0,0,0,0,0,0,0,0,0,0
7,0.0251272404075819,17711,0,0,0,0,0,0,0,0,0,445.028554858683,0,0,0,0,0,0,0,0,0,0
8,0.0231734454016737,17711,0,0,0,0,0,0,0,0,0,410.424891509043,0,0,0,0,0,0,0,0,0,0
9,0.0192527510663947,17711,0,0,0,0,0,0,0,0,0,340.985474136917,0,0,0,0,0,0,0,0,0,0
10,0.0169526216289007,17711,0,0,0,0,0,0,0,0,0,300.24788166946,0,0,0,0,0,0,0,0,0,0
11,0.0158027184819671,17711,0,0,0,0,0,0,0,0,0,279.88194703412,0,0,0,0,0,0,0,0,0,0
12,0.0120228728800619,17711,0,0,0,0,0,0,0,0,0,212.937101578776,0,0,0,0,0,0,0,0,0,0
13,0.0138253535952958,17711,0,0,0,0,0,0,0,0,0,244.860837526284,0,0,0,0,0,0,0,0,0,0
14,0.0155394006850832,17711,0,0,0,0,0,0,0,0,0,275.218325533508,0,0,0,0,0,0,0,0,0,0
15,0.0093392935216877,17711,0,0,0,0,0,0,0,0,0,165.408227562611,0,0,0,0,0,0,0,0,0,0
16,0.0138661888304464,17711,0,0,0,0,0,0,0,0,0,245.584070376037,0,0,0,0,0,0,0,0,0,0
17,0.0118193151320724,17711,0,0,0,0,0,0,0,0,0,209.331890304134,0,0,0,0,0,0,0,0,0,0
18,0.0105920865101565,17711,0,0,0,0,0,0,0,0,0,187.596444181382,0,0,0,0,0,0,0,0,0,0
19,0.0124001173103327,17711,0,0,0,0,0,0,0,0,0,219.618477683302,0,0,0,0,0,0,0,0,0,0
20,0.0136592271671043,17711,0,0,0,0,0,0,0,0,0,241.918572356584,0,0,0,0,0,0,0,0,0,0
21,0.0116019083709586,17711,0,0,0,0,0,0,0,0,0,205.481399158047,0,0,0,0,0,0,0,0,0,0
22,0.015142055695119,17711,0,0,0,0,0,0,0,0,0,268.180948416253,0,0,0,0,0,0,0,0,0,0
23,0.0106441669545303,17711,0,0,0,0,0,0,0,0,0,188.518840931686,0,0,0,0,0,0,0,0,0,0
24,0.0133695944604066,17711,0,0,0,0,0,0,0,0,0,236.788887488261,0,0,0,0,0,0,0,0,0,0
25,0.0146234183208439,17711,0,0,0,0,0,0,0,0,0,258.995361880466,0,0,0,0,0,0,0,0,0,0
26,0.0124786956603475,17711,0,0,0,0,0,0,0,0,0,221.010178840415,0,0,0,0,0,0,0,0,0,0
27,0.0168646072524878,17711,0,0,0,0,0,0,0,0,0,298.689059048812,0,0,0,0,0,0,0,0,0,0
28,0.0146177806710095,17711,0,0,0,0,0,0,0,0,0,258.895513464249,0,0,0,0,0,0,0,0,0,0
29,0.0119523054092965,17711,0,0,0,0,0,0,0,0,0,211.68728110405,0,0,0,0,0,0,0,0,0,0
30,0.0114771078196265,17711,0,0,0,0,0,0,0,0,0,203.271056593405,0,0,0,0,0,0,0,0,0,0
31,0.01324613265335,17711,0,0,0,0,0,0,0,0,0,234.602255423482,0,0,0,0,0,0,0,0,0,0
32,0.0103268299572603,17711,0,0,0,0,0,0,0,0,0,182.898485373037,0,0,0,0,0,0,0,0,0,0
33,0.0124974947332103,17711,0,0,0,0,0,0,0,0,0,221.343129219887,0,0,0,0,0,0,0,0,0,0
34,0.0107934173830755,17711,0,0,0,0,0,0,0,0,0,191.16221527165,0,0,0,0,0,0,0,0,0,0
35,0.0102845268159173,17711,0,0,0,0,0,0,0,0,0,182.149254436712,0,0,0,0,0,0,0,0,0,0
36,0.0106387174039425,17711,0,0,0,0,0,0,0,0,0,188.422323941225,0,0,0,0,0,0,0,0,0,0
37,0.0135246942676791,17711,0,0,0,0,0,0,0,0,0,239.535860174864,0,0,0,0,0,0,0,0,0,0
38,0.0140908802749144,17711,0,0,0,0,0,0,0,0,0,249.56358054901,0,0,0,0,0,0,0,0,0,0
39,0.0148570184278041,17711,0,0,0,0,0,0,0,0,0,263.132653374839,0,0,0,0,0,0,0,0,0,0
40,0.0151221825312649,17711,0,0,0,0,0,0,0,0,0,267.828974811233,0,0,0,0,0,0,0,0,0,0
41,0.0203104830407207,17711,0,0,0,0,0,0,0,0,0,359.718965134205,0,0,0,0,0,0,0,0,0,0
42,0.02128053537452,17711,0,0,0,0,0,0,0,0,0,376.899562018124,0,0,0,0,0,0,0,0,0,0
43,0.0187713235214761,17711,0,0,0,0,0,0,0,0,0,332.458910888863,0,0,0,0,0,0,0,0,0,0
44,0.0227382015356327,17711,0,0,0,0,0,0,0,0,0,402.71628739759,0,0,0,0,0,0,0,0,0,0
45,0.0232819429122869,17711,0,0,0,0,0,0,0,0,0,412.346490919514,0,0,0,0,0,0,0,0,0,0
46,0.0285619907266365,17711,0,0,0,0,0,0,0,0,0,505.86141775946,0,0,0,0,0,0,0,0,0,0
47,0.0251881002851499,17711,0,0,0,0,0,0,0,0,0,446.10644415029,0,0,0,0,0,0,0,0,0,0
48,0.0312120488455831,17711,0,0,0,0,0,0,0,0,0,552.796597104122,0,0,0,0,0,0,0,0,0,0
49,0.0329111992998377,17711,0,0,0,0,0,0,0,0,0,582.890250799426,0,0,0,0,0,0,0,0,0,0
50,0.0330501497765805,17711,0,0,0,0,0,0,0,0,0,585.351202693018,0,0,0,0,0,0,0,0,0,0
51,0.0297599751060698,17711,0,0,0,0,0,0,0,0,0,527.078919103603,0,0,0,0,0,0,0,0,0,0
52,0.0316368273055264,17711,0,0,0,0,0,0,0,0,0,560.319848408177,0,0,0,0,0,0,0,0,0,0
53,0.0223854085389163,17711,0,0,0,0,0,0,0,0,0,396.467970632746,0,0,0,0,0,0,0,0,0,0
1,0.0228004782292648,67363,0,0,0,0,0,0,0,0,0,0,1535.90861495797,0,0,0,0,0,0,0,0,0
2,0.0215901200412275,67363,0,0,0,0,0,0,0,0,0,0,1454.37525633721,0,0,0,0,0,0,0,0,0
3,0.0226213934981743,67363,0,0,0,0,0,0,0,0,0,0,1523.84493021751,0,0,0,0,0,0,0,0,0
4,0.0230097596261569,67363,0,0,0,0,0,0,0,0,0,0,1550.00643769681,0,0,0,0,0,0,0,0,0
5,0.0242858244165502,67363,0,0,0,0,0,0,0,0,0,0,1635.96599017207,0,0,0,0,0,0,0,0,0
6,0.0233695449145395,67363,0,0,0,0,0,0,0,0,0,0,1574.24265407812,0,0,0,0,0,0,0,0,0
7,0.0219236299468334,67363,0,0,0,0,0,0,0,0,0,0,1476.84148410854,0,0,0,0,0,0,0,0,0
8,0.0219371634000215,67363,0,0,0,0,0,0,0,0,0,0,1477.75313811565,0,0,0,0,0,0,0,0,0
9,0.0217436977961856,67363,0,0,0,0,0,0,0,0,0,0,1464.72071464445,0,0,0,0,0,0,0,0,0
10,0.0202428207797495,67363,0,0,0,0,0,0,0,0,0,0,1363.61713618626,0,0,0,0,0,0,0,0,0
11,0.0186818482192411,67363,0,0,0,0,0,0,0,0,0,0,1258.46534159274,0,0,0,0,0,0,0,0,0
12,0.0183248829547956,67363,0,0,0,0,0,0,0,0,0,0,1234.4190904839,0,0,0,0,0,0,0,0,0
13,0.0193079523829739,67363,0,0,0,0,0,0,0,0,0,0,1300.64159637427,0,0,0,0,0,0,0,0,0
14,0.0184872638625091,67363,0,0,0,0,0,0,0,0,0,0,1245.3575555702,0,0,0,0,0,0,0,0,0
15,0.0178748776333346,67363,0,0,0,0,0,0,0,0,0,0,1204.10538201432,0,0,0,0,0,0,0,0,0
16,0.0196291858804529,67363,0,0,0,0,0,0,0,0,0,0,1322.28084846495,0,0,0,0,0,0,0,0,0
17,0.0207067762257508,67363,0,0,0,0,0,0,0,0,0,0,1394.87056689525,0,0,0,0,0,0,0,0,0
18,0.0199020026654512,67363,0,0,0,0,0,0,0,0,0,0,1340.65860555279,0,0,0,0,0,0,0,0,0
19,0.0206846590795063,67363,0,0,0,0,0,0,0,0,0,0,1393.38068957278,0,0,0,0,0,0,0,0,0
20,0.0201652899947746,67363,0,0,0,0,0,0,0,0,0,0,1358.394429918,0,0,0,0,0,0,0,0,0
21,0.0202025574345678,67363,0,0,0,0,0,0,0,0,0,0,1360.90487646479,0,0,0,0,0,0,0,0,0
22,0.0207275727039118,67363,0,0,0,0,0,0,0,0,0,0,1396.27148005361,0,0,0,0,0,0,0,0,0
23,0.0200669055360274,67363,0,0,0,0,0,0,0,0,0,0,1351.76695762341,0,0,0,0,0,0,0,0,0
24,0.0191523813692328,67363,0,0,0,0,0,0,0,0,0,0,1290.16186617563,0,0,0,0,0,0,0,0,0
25,0.0169093343315067,67363,0,0,0,0,0,0,0,0,0,0,1139.06348857329,0,0,0,0,0,0,0,0,0
26,0.0156931192365465,67363,0,0,0,0,0,0,0,0,0,0,1057.13559113148,0,0,0,0,0,0,0,0,0
27,0.0178686988691296,67363,0,0,0,0,0,0,0,0,0,0,1203.68916192118,0,0,0,0,0,0,0,0,0
28,0.0174860124338464,67363,0,0,0,0,0,0,0,0,0,0,1177.9102555812,0,0,0,0,0,0,0,0,0
29,0.0175155263178078,67363,0,0,0,0,0,0,0,0,0,0,1179.89839934649,0,0,0,0,0,0,0,0,0
30,0.0147669889938146,67363,0,0,0,0,0,0,0,0,0,0,994.748679590333,0,0,0,0,0,0,0,0,0
31,0.0158282250879981,67363,0,0,0,0,0,0,0,0,0,0,1066.23672660282,0,0,0,0,0,0,0,0,0
32,0.0152773675089316,67363,0,0,0,0,0,0,0,0,0,0,1029.12930750416,0,0,0,0,0,0,0,0,0
33,0.0146774392712272,67363,0,0,0,0,0,0,0,0,0,0,988.716341627676,0,0,0,0,0,0,0,0,0
34,0.0149658760421264,67363,0,0,0,0,0,0,0,0,0,0,1008.14630782576,0,0,0,0,0,0,0,0,0
35,0.0143935822246286,67363,0,0,0,0,0,0,0,0,0,0,969.594879397655,0,0,0,0,0,0,0,0,0
36,0.0128637358500749,67363,0,0,0,0,0,0,0,0,0,0,866.539838068596,0,0,0,0,0,0,0,0,0
37,0.0126140784119994,67363,0,0,0,0,0,0,0,0,0,0,849.722164067512,0,0,0,0,0,0,0,0,0
38,0.0144557017447524,67363,0,0,0,0,0,0,0,0,0,0,973.779436631757,0,0,0,0,0,0,0,0,0
39,0.0128074258769738,67363,0,0,0,0,0,0,0,0,0,0,862.746629350587,0,0,0,0,0,0,0,0,0
40,0.0134095271422824,67363,0,0,0,0,0,0,0,0,0,0,903.305976885566,0,0,0,0,0,0,0,0,0
41,0.0126125846535213,67363,0,0,0,0,0,0,0,0,0,0,849.621540015156,0,0,0,0,0,0,0,0,0
42,0.0137831146056418,67363,0,0,0,0,0,0,0,0,0,0,928.471949179849,0,0,0,0,0,0,0,0,0
43,0.0151145223427169,67363,0,0,0,0,0,0,0,0,0,0,1018.15956857244,0,0,0,0,0,0,0,0,0
44,0.0158583030454789,67363,0,0,0,0,0,0,0,0,0,0,1068.26286805259,0,0,0,0,0,0,0,0,0
45,0.0158692480896374,67363,0,0,0,0,0,0,0,0,0,0,1069.00015906224,0,0,0,0,0,0,0,0,0
46,0.0162693790827789,67363,0,0,0,0,0,0,0,0,0,0,1095.95418315323,0,0,0,0,0,0,0,0,0
47,0.0179705218056405,67363,0,0,0,0,0,0,0,0,0,0,1210.54826039336,0,0,0,0,0,0,0,0,0
48,0.019464156219087,67363,0,0,0,0,0,0,0,0,0,0,1311.16395538636,0,0,0,0,0,0,0,0,0
49,0.0244256036877056,67363,0,0,0,0,0,0,0,0,0,0,1645.38194121491,0,0,0,0,0,0,0,0,0
50,0.0259338139835639,67363,0,0,0,0,0,0,0,0,0,0,1746.97951137482,0,0,0,0,0,0,0,0,0
51,0.0267075214394123,67363,0,0,0,0,0,0,0,0,0,0,1799.09876672313,0,0,0,0,0,0,0,0,0
52,0.0255703834180163,67363,0,0,0,0,0,0,0,0,0,0,1722.49773818783,0,0,0,0,0,0,0,0,0
53,0.0314496196919198,67363,0,0,0,0,0,0,0,0,0,0,2118.54073130679,0,0,0,0,0,0,0,0,0
1,0.0287713462596908,23691,0,0,0,0,0,0,0,0,0,0,0,681.621964238335,0,0,0,0,0,0,0,0
2,0.0317778347234722,23691,0,0,0,0,0,0,0,0,0,0,0,752.848682433779,0,0,0,0,0,0,0,0
3,0.0252824910221176,23691,0,0,0,0,0,0,0,0,0,0,0,598.967494804988,0,0,0,0,0,0,0,0
4,0.021790208538192,23691,0,0,0,0,0,0,0,0,0,0,0,516.231830478307,0,0,0,0,0,0,0,0
5,0.0231336082653588,23691,0,0,0,0,0,0,0,0,0,0,0,548.058313414616,0,0,0,0,0,0,0,0
6,0.0210371973699171,23691,0,0,0,0,0,0,0,0,0,0,0,498.392242890707,0,0,0,0,0,0,0,0
7,0.0188666339861793,23691,0,0,0,0,0,0,0,0,0,0,0,446.969425766573,0,0,0,0,0,0,0,0
8,0.0159576541354897,23691,0,0,0,0,0,0,0,0,0,0,0,378.052784123886,0,0,0,0,0,0,0,0
9,0.0179222003801241,23691,0,0,0,0,0,0,0,0,0,0,0,424.59484920552,0,0,0,0,0,0,0,0
10,0.0154813956582245,23691,0,0,0,0,0,0,0,0,0,0,0,366.769744538997,0,0,0,0,0,0,0,0
11,0.0126358794632074,23691,0,0,0,0,0,0,0,0,0,0,0,299.356620362847,0,0,0,0,0,0,0,0
12,0.0119606426961105,23691,0,0,0,0,0,0,0,0,0,0,0,283.359586113553,0,0,0,0,0,0,0,0
13,0.010122659814205,23691,0,0,0,0,0,0,0,0,0,0,0,239.81593365833,0,0,0,0,0,0,0,0
14,0.0122519358586384,23691,0,0,0,0,0,0,0,0,0,0,0,290.260612427003,0,0,0,0,0,0,0,0
15,0.0103007299287716,23691,0,0,0,0,0,0,0,0,0,0,0,244.034592742528,0,0,0,0,0,0,0,0
16,0.00645335271820868,23691,0,0,0,0,0,0,0,0,0,0,0,152.886379247082,0,0,0,0,0,0,0,0
17,0.00874964474873359,23691,0,0,0,0,0,0,0,0,0,0,0,207.287833742248,0,0,0,0,0,0,0,0
18,0.00814125038005219,23691,0,0,0,0,0,0,0,0,0,0,0,192.874362753816,0,0,0,0,0,0,0,0
19,0.0116182689784615,23691,0,0,0,0,0,0,0,0,0,0,0,275.248410368731,0,0,0,0,0,0,0,0
20,0.0112178786167284,23691,0,0,0,0,0,0,0,0,0,0,0,265.762762308912,0,0,0,0,0,0,0,0
21,0.0109887413211054,23691,0,0,0,0,0,0,0,0,0,0,0,260.334270638307,0,0,0,0,0,0,0,0
22,0.0112570358690016,23691,0,0,0,0,0,0,0,0,0,0,0,266.690436772518,0,0,0,0,0,0,0,0
23,0.0128560714911801,23691,0,0,0,0,0,0,0,0,0,0,0,304.573189697548,0,0,0,0,0,0,0,0
24,0.0135569784782864,23691,0,0,0,0,0,0,0,0,0,0,0,321.178377129084,0,0,0,0,0,0,0,0
25,0.0139023208845352,23691,0,0,0,0,0,0,0,0,0,0,0,329.359884075524,0,0,0,0,0,0,0,0
26,0.0128739839851827,23691,0,0,0,0,0,0,0,0,0,0,0,304.997554592964,0,0,0,0,0,0,0,0
27,0.0184038903713918,23691,0,0,0,0,0,0,0,0,0,0,0,436.006566788644,0,0,0,0,0,0,0,0
28,0.0157243957893472,23691,0,0,0,0,0,0,0,0,0,0,0,372.526660645424,0,0,0,0,0,0,0,0
29,0.0159889979614633,23691,0,0,0,0,0,0,0,0,0,0,0,378.795350705028,0,0,0,0,0,0,0,0
30,0.0167631011328751,23691,0,0,0,0,0,0,0,0,0,0,0,397.134628938944,0,0,0,0,0,0,0,0
31,0.018259345853914,23691,0,0,0,0,0,0,0,0,0,0,0,432.582162625076,0,0,0,0,0,0,0,0
32,0.0161341399960167,23691,0,0,0,0,0,0,0,0,0,0,0,382.233910645631,0,0,0,0,0,0,0,0
33,0.0170923248575996,23691,0,0,0,0,0,0,0,0,0,0,0,404.934268201392,0,0,0,0,0,0,0,0
34,0.0163240475110418,23691,0,0,0,0,0,0,0,0,0,0,0,386.73300958409,0,0,0,0,0,0,0,0
35,0.0164843200535604,23691,0,0,0,0,0,0,0,0,0,0,0,390.5300263889,0,0,0,0,0,0,0,0
36,0.0168025359763485,23691,0,0,0,0,0,0,0,0,0,0,0,398.068879815671,0,0,0,0,0,0,0,0
37,0.0169608211896169,23691,0,0,0,0,0,0,0,0,0,0,0,401.818814803213,0,0,0,0,0,0,0,0
38,0.0183311837441857,23691,0,0,0,0,0,0,0,0,0,0,0,434.284074083504,0,0,0,0,0,0,0,0
39,0.0190827537605022,23691,0,0,0,0,0,0,0,0,0,0,0,452.089519340058,0,0,0,0,0,0,0,0
40,0.0199053188236833,23691,0,0,0,0,0,0,0,0,0,0,0,471.576908251881,0,0,0,0,0,0,0,0
41,0.0207227767185241,23691,0,0,0,0,0,0,0,0,0,0,0,490.943303238555,0,0,0,0,0,0,0,0
42,0.0220193580168352,23691,0,0,0,0,0,0,0,0,0,0,0,521.660610776842,0,0,0,0,0,0,0,0
43,0.0246573058508339,23691,0,0,0,0,0,0,0,0,0,0,0,584.156232912105,0,0,0,0,0,0,0,0
44,0.0272285373913212,23691,0,0,0,0,0,0,0,0,0,0,0,645.07127933779,0,0,0,0,0,0,0,0
45,0.0266045369764079,23691,0,0,0,0,0,0,0,0,0,0,0,630.288085508081,0,0,0,0,0,0,0,0
46,0.0298984959462323,23691,0,0,0,0,0,0,0,0,0,0,0,708.325267462189,0,0,0,0,0,0,0,0
47,0.0277246671119434,23691,0,0,0,0,0,0,0,0,0,0,0,656.825088549051,0,0,0,0,0,0,0,0
48,0.0270955815411685,23691,0,0,0,0,0,0,0,0,0,0,0,641.921422291822,0,0,0,0,0,0,0,0
49,0.0322687872416167,23691,0,0,0,0,0,0,0,0,0,0,0,764.479838541141,0,0,0,0,0,0,0,0
50,0.0336762213666245,23691,0,0,0,0,0,0,0,0,0,0,0,797.823360396701,0,0,0,0,0,0,0,0
51,0.0299261700244331,23691,0,0,0,0,0,0,0,0,0,0,0,708.980894048844,0,0,0,0,0,0,0,0
52,0.0236200800368936,23691,0,0,0,0,0,0,0,0,0,0,0,559.583316154046,0,0,0,0,0,0,0,0
53,0.0333923591844444,23691,0,0,0,0,0,0,0,0,0,0,0,791.098381438673,0,0,0,0,0,0,0,0
1,0.0161667403903857,88027,0,0,0,0,0,0,0,0,0,0,0,0,1423.10965634449,0,0,0,0,0,0,0
2,0.0177886072573626,88027,0,0,0,0,0,0,0,0,0,0,0,0,1565.87773104386,0,0,0,0,0,0,0
3,0.017889792434959,88027,0,0,0,0,0,0,0,0,0,0,0,0,1574.78475867213,0,0,0,0,0,0,0
4,0.0179834231736889,88027,0,0,0,0,0,0,0,0,0,0,0,0,1583.02679171031,0,0,0,0,0,0,0
5,0.0195421229617726,88027,0,0,0,0,0,0,0,0,0,0,0,0,1720.23445795595,0,0,0,0,0,0,0
6,0.0213170089922296,88027,0,0,0,0,0,0,0,0,0,0,0,0,1876.47235055899,0,0,0,0,0,0,0
7,0.0207824282615136,88027,0,0,0,0,0,0,0,0,0,0,0,0,1829.41481257625,0,0,0,0,0,0,0
8,0.0218968854329572,88027,0,0,0,0,0,0,0,0,0,0,0,0,1927.51713400693,0,0,0,0,0,0,0
9,0.0216845316856587,88027,0,0,0,0,0,0,0,0,0,0,0,0,1908.82427069348,0,0,0,0,0,0,0
10,0.0240684390884016,88027,0,0,0,0,0,0,0,0,0,0,0,0,2118.67248763473,0,0,0,0,0,0,0
11,0.0223956564856402,88027,0,0,0,0,0,0,0,0,0,0,0,0,1971.42245346145,0,0,0,0,0,0,0
12,0.0221857289206025,88027,0,0,0,0,0,0,0,0,0,0,0,0,1952.94315969387,0,0,0,0,0,0,0
13,0.0229013365781257,88027,0,0,0,0,0,0,0,0,0,0,0,0,2015.93595496268,0,0,0,0,0,0,0
14,0.0234288075311249,88027,0,0,0,0,0,0,0,0,0,0,0,0,2062.36764054233,0,0,0,0,0,0,0
15,0.0257229446307917,88027,0,0,0,0,0,0,0,0,0,0,0,0,2264.3136470147,0,0,0,0,0,0,0
16,0.0270666003430846,88027,0,0,0,0,0,0,0,0,0,0,0,0,2382.59162840071,0,0,0,0,0,0,0
17,0.0266081063233458,88027,0,0,0,0,0,0,0,0,0,0,0,0,2342.23177532516,0,0,0,0,0,0,0
18,0.0276089480236703,88027,0,0,0,0,0,0,0,0,0,0,0,0,2430.33286767963,0,0,0,0,0,0,0
19,0.0287756781151206,88027,0,0,0,0,0,0,0,0,0,0,0,0,2533.03661743972,0,0,0,0,0,0,0
20,0.0281083494365063,88027,0,0,0,0,0,0,0,0,0,0,0,0,2474.29367584734,0,0,0,0,0,0,0
21,0.0290269258665483,88027,0,0,0,0,0,0,0,0,0,0,0,0,2555.15320325465,0,0,0,0,0,0,0
22,0.0292466690430838,88027,0,0,0,0,0,0,0,0,0,0,0,0,2574.49653585554,0,0,0,0,0,0,0
23,0.0271430005282131,88027,0,0,0,0,0,0,0,0,0,0,0,0,2389.31690749702,0,0,0,0,0,0,0
24,0.0249114516819551,88027,0,0,0,0,0,0,0,0,0,0,0,0,2192.88035720746,0,0,0,0,0,0,0
25,0.0220748733591053,88027,0,0,0,0,0,0,0,0,0,0,0,0,1943.18487718196,0,0,0,0,0,0,0
26,0.0206240454538304,88027,0,0,0,0,0,0,0,0,0,0,0,0,1815.47284916433,0,0,0,0,0,0,0
27,0.0220510577546714,88027,0,0,0,0,0,0,0,0,0,0,0,0,1941.08846097046,0,0,0,0,0,0,0
28,0.0206949593835774,88027,0,0,0,0,0,0,0,0,0,0,0,0,1821.71518965817,0,0,0,0,0,0,0
29,0.0189731227137244,88027,0,0,0,0,0,0,0,0,0,0,0,0,1670.14707312102,0,0,0,0,0,0,0
30,0.0184267360789107,88027,0,0,0,0,0,0,0,0,0,0,0,0,1622.05029681827,0,0,0,0,0,0,0
31,0.0162810965341185,88027,0,0,0,0,0,0,0,0,0,0,0,0,1433.17608460885,0,0,0,0,0,0,0
32,0.0164984348823957,88027,0,0,0,0,0,0,0,0,0,0,0,0,1452.30772739264,0,0,0,0,0,0,0
33,0.0157364625954983,88027,0,0,0,0,0,0,0,0,0,0,0,0,1385.23359289393,0,0,0,0,0,0,0
34,0.0155220085213998,88027,0,0,0,0,0,0,0,0,0,0,0,0,1366.35584411326,0,0,0,0,0,0,0
35,0.015300959407955,88027,0,0,0,0,0,0,0,0,0,0,0,0,1346.89755380405,0,0,0,0,0,0,0
36,0.0133584576148786,88027,0,0,0,0,0,0,0,0,0,0,0,0,1175.90494846492,0,0,0,0,0,0,0
37,0.0139982557301935,88027,0,0,0,0,0,0,0,0,0,0,0,0,1232.22445716174,0,0,0,0,0,0,0
38,0.0139620528447566,88027,0,0,0,0,0,0,0,0,0,0,0,0,1229.03762576539,0,0,0,0,0,0,0
39,0.0128846510062416,88027,0,0,0,0,0,0,0,0,0,0,0,0,1134.19717412643,0,0,0,0,0,0,0
40,0.013142968187225,88027,0,0,0,0,0,0,0,0,0,0,0,0,1156.93606061685,0,0,0,0,0,0,0
41,0.0116522997804631,88027,0,0,0,0,0,0,0,0,0,0,0,0,1025.71699277483,0,0,0,0,0,0,0
42,0.0124365311070388,88027,0,0,0,0,0,0,0,0,0,0,0,0,1094.75052375931,0,0,0,0,0,0,0
43,0.011498647811495,88027,0,0,0,0,0,0,0,0,0,0,0,0,1012.19147090247,0,0,0,0,0,0,0
44,0.0129088961364762,88027,0,0,0,0,0,0,0,0,0,0,0,0,1136.33140020559,0,0,0,0,0,0,0
45,0.0137755904159699,88027,0,0,0,0,0,0,0,0,0,0,0,0,1212.62389754658,0,0,0,0,0,0,0
46,0.0139692905815935,88027,0,0,0,0,0,0,0,0,0,0,0,0,1229.67474202593,0,0,0,0,0,0,0
47,0.0123071656453679,88027,0,0,0,0,0,0,0,0,0,0,0,0,1083.3628702648,0,0,0,0,0,0,0
48,0.0110992305600413,88027,0,0,0,0,0,0,0,0,0,0,0,0,977.031968508756,0,0,0,0,0,0,0
49,0.0134934013151936,88027,0,0,0,0,0,0,0,0,0,0,0,0,1187.78363757255,0,0,0,0,0,0,0
50,0.0144125391176407,88027,0,0,0,0,0,0,0,0,0,0,0,0,1268.69258090856,0,0,0,0,0,0,0
51,0.0132142654841431,88027,0,0,0,0,0,0,0,0,0,0,0,0,1163.21214777267,0,0,0,0,0,0,0
52,0.0145713736983809,88027,0,0,0,0,0,0,0,0,0,0,0,0,1282.67431254738,0,0,0,0,0,0,0
53,0.0108804430909713,88027,0,0,0,0,0,0,0,0,0,0,0,0,957.772763968932,0,0,0,0,0,0,0
1,0.0165895946720959,7214,0,0,0,0,0,0,0,0,0,0,0,0,0,119.6773359645,0,0,0,0,0,0
2,0.0140617356472262,7214,0,0,0,0,0,0,0,0,0,0,0,0,0,101.44136095909,0,0,0,0,0,0
3,0.0172568158713451,7214,0,0,0,0,0,0,0,0,0,0,0,0,0,124.490669695884,0,0,0,0,0,0
4,0.0173283437865332,7214,0,0,0,0,0,0,0,0,0,0,0,0,0,125.006672076051,0,0,0,0,0,0
5,0.018868642820429,7214,0,0,0,0,0,0,0,0,0,0,0,0,0,136.118389306575,0,0,0,0,0,0
6,0.0203575231291858,7214,0,0,0,0,0,0,0,0,0,0,0,0,0,146.859171853947,0,0,0,0,0,0
7,0.017631693189071,7214,0,0,0,0,0,0,0,0,0,0,0,0,0,127.195034665958,0,0,0,0,0,0
8,0.0231459307808641,7214,0,0,0,0,0,0,0,0,0,0,0,0,0,166.974744653154,0,0,0,0,0,0
9,0.0267289243426915,7214,0,0,0,0,0,0,0,0,0,0,0,0,0,192.822460208177,0,0,0,0,0,0
10,0.020612308398352,7214,0,0,0,0,0,0,0,0,0,0,0,0,0,148.697192785711,0,0,0,0,0,0
11,0.0261712694123032,7214,0,0,0,0,0,0,0,0,0,0,0,0,0,188.799537540355,0,0,0,0,0,0
12,0.0215833073056948,7214,0,0,0,0,0,0,0,0,0,0,0,0,0,155.701978903283,0,0,0,0,0,0
13,0.0201655553354408,7214,0,0,0,0,0,0,0,0,0,0,0,0,0,145.47431618987,0,0,0,0,0,0
14,0.0203993875238766,7214,0,0,0,0,0,0,0,0,0,0,0,0,0,147.161181597246,0,0,0,0,0,0
15,0.0183836254190396,7214,0,0,0,0,0,0,0,0,0,0,0,0,0,132.619473772952,0,0,0,0,0,0
16,0.0220916595509356,7214,0,0,0,0,0,0,0,0,0,0,0,0,0,159.369232000449,0,0,0,0,0,0
17,0.0243605413148278,7214,0,0,0,0,0,0,0,0,0,0,0,0,0,175.736945045168,0,0,0,0,0,0
18,0.0238810956371031,7214,0,0,0,0,0,0,0,0,0,0,0,0,0,172.278223926062,0,0,0,0,0,0
19,0.0213513790239532,7214,0,0,0,0,0,0,0,0,0,0,0,0,0,154.028848278798,0,0,0,0,0,0
20,0.0243948522944515,7214,0,0,0,0,0,0,0,0,0,0,0,0,0,175.984464452173,0,0,0,0,0,0
21,0.0246032244029432,7214,0,0,0,0,0,0,0,0,0,0,0,0,0,177.487660842832,0,0,0,0,0,0
22,0.0283516560160387,7214,0,0,0,0,0,0,0,0,0,0,0,0,0,204.528846499703,0,0,0,0,0,0
23,0.0283750758831847,7214,0,0,0,0,0,0,0,0,0,0,0,0,0,204.697797421294,0,0,0,0,0,0
24,0.027126382601334,7214,0,0,0,0,0,0,0,0,0,0,0,0,0,195.689724086023,0,0,0,0,0,0
25,0.0189427412944473,7214,0,0,0,0,0,0,0,0,0,0,0,0,0,136.652935698143,0,0,0,0,0,0
26,0.019942569861414,7214,0,0,0,0,0,0,0,0,0,0,0,0,0,143.86569898024,0,0,0,0,0,0
27,0.0261958517589973,7214,0,0,0,0,0,0,0,0,0,0,0,0,0,188.976874589407,0,0,0,0,0,0
28,0.0152279696916861,7214,0,0,0,0,0,0,0,0,0,0,0,0,0,109.854573355824,0,0,0,0,0,0
29,0.0125230696090587,7214,0,0,0,0,0,0,0,0,0,0,0,0,0,90.3414241597498,0,0,0,0,0,0
30,0.0149532955941629,7214,0,0,0,0,0,0,0,0,0,0,0,0,0,107.873074416291,0,0,0,0,0,0
31,0.0126715481728202,7214,0,0,0,0,0,0,0,0,0,0,0,0,0,91.4125485187251,0,0,0,0,0,0
32,0.0119826112297363,7214,0,0,0,0,0,0,0,0,0,0,0,0,0,86.442557411318,0,0,0,0,0,0
33,0.0151811997242514,7214,0,0,0,0,0,0,0,0,0,0,0,0,0,109.517174810749,0,0,0,0,0,0
34,0.0165980326467446,7214,0,0,0,0,0,0,0,0,0,0,0,0,0,119.738207513616,0,0,0,0,0,0
35,0.0122353748804344,7214,0,0,0,0,0,0,0,0,0,0,0,0,0,88.2659943874541,0,0,0,0,0,0
36,0.0138105818771155,7214,0,0,0,0,0,0,0,0,0,0,0,0,0,99.6295376615112,0,0,0,0,0,0
37,0.0137091889489999,7214,0,0,0,0,0,0,0,0,0,0,0,0,0,98.8980890780855,0,0,0,0,0,0
38,0.0171749429636578,7214,0,0,0,0,0,0,0,0,0,0,0,0,0,123.900038539827,0,0,0,0,0,0
39,0.0214098939027722,7214,0,0,0,0,0,0,0,0,0,0,0,0,0,154.450974614598,0,0,0,0,0,0
40,0.0192410230726623,7214,0,0,0,0,0,0,0,0,0,0,0,0,0,138.804740446186,0,0,0,0,0,0
41,0.0171897124095397,7214,0,0,0,0,0,0,0,0,0,0,0,0,0,124.006585322419,0,0,0,0,0,0
42,0.0162965451700014,7214,0,0,0,0,0,0,0,0,0,0,0,0,0,117.56327685639,0,0,0,0,0,0
43,0.0129585229829194,7214,0,0,0,0,0,0,0,0,0,0,0,0,0,93.4827847987809,0,0,0,0,0,0
44,0.0160853843214877,7214,0,0,0,0,0,0,0,0,0,0,0,0,0,116.039962495212,0,0,0,0,0,0
45,0.0173188371731524,7214,0,0,0,0,0,0,0,0,0,0,0,0,0,124.938091367122,0,0,0,0,0,0
46,0.0153264286248778,7214,0,0,0,0,0,0,0,0,0,0,0,0,0,110.564856099868,0,0,0,0,0,0
47,0.0178811313896305,7214,0,0,0,0,0,0,0,0,0,0,0,0,0,128.994481844795,0,0,0,0,0,0
48,0.0134536116727749,7214,0,0,0,0,0,0,0,0,0,0,0,0,0,97.0543546073981,0,0,0,0,0,0
49,0.0140043030423641,7214,0,0,0,0,0,0,0,0,0,0,0,0,0,101.027042147615,0,0,0,0,0,0
50,0.0193387093483055,7214,0,0,0,0,0,0,0,0,0,0,0,0,0,139.509449238676,0,0,0,0,0,0
51,0.0119479752862597,7214,0,0,0,0,0,0,0,0,0,0,0,0,0,86.1926937150775,0,0,0,0,0,0
52,0.0106581861118931,7214,0,0,0,0,0,0,0,0,0,0,0,0,0,76.8881546111971,0,0,0,0,0,0
53,0.0319202328789119,7214,0,0,0,0,0,0,0,0,0,0,0,0,0,230.27255998847,0,0,0,0,0,0
1,0.0237542717211512,66827,0,0,0,0,0,0,0,0,0,0,0,0,0,0,1587.42671630937,0,0,0,0,0
2,0.021367121291608,66827,0,0,0,0,0,0,0,0,0,0,0,0,0,0,1427.90061455429,0,0,0,0,0
3,0.0210804385445353,66827,0,0,0,0,0,0,0,0,0,0,0,0,0,0,1408.74246661566,0,0,0,0,0
4,0.0192948112158677,66827,0,0,0,0,0,0,0,0,0,0,0,0,0,0,1289.41434912279,0,0,0,0,0
5,0.0199088187560357,66827,0,0,0,0,0,0,0,0,0,0,0,0,0,0,1330.44663100959,0,0,0,0,0
6,0.0189644499344596,66827,0,0,0,0,0,0,0,0,0,0,0,0,0,0,1267.33729577013,0,0,0,0,0
7,0.0162303592023334,66827,0,0,0,0,0,0,0,0,0,0,0,0,0,0,1084.62621441433,0,0,0,0,0
8,0.0160876140149596,66827,0,0,0,0,0,0,0,0,0,0,0,0,0,0,1075.08698177771,0,0,0,0,0
9,0.0179695590841926,66827,0,0,0,0,0,0,0,0,0,0,0,0,0,0,1200.85172491934,0,0,0,0,0
10,0.0160788040395195,66827,0,0,0,0,0,0,0,0,0,0,0,0,0,0,1074.49823754897,0,0,0,0,0
11,0.0159209158972719,66827,0,0,0,0,0,0,0,0,0,0,0,0,0,0,1063.94704666699,0,0,0,0,0
12,0.0141664118798917,66827,0,0,0,0,0,0,0,0,0,0,0,0,0,0,946.698806697521,0,0,0,0,0
13,0.0149194409324453,66827,0,0,0,0,0,0,0,0,0,0,0,0,0,0,997.021479192521,0,0,0,0,0
14,0.0152814338552585,66827,0,0,0,0,0,0,0,0,0,0,0,0,0,0,1021.21238024536,0,0,0,0,0
15,0.0151134429468697,66827,0,0,0,0,0,0,0,0,0,0,0,0,0,0,1009.98605181046,0,0,0,0,0
16,0.0149833125769326,66827,0,0,0,0,0,0,0,0,0,0,0,0,0,0,1001.28982957867,0,0,0,0,0
17,0.0158854030466825,66827,0,0,0,0,0,0,0,0,0,0,0,0,0,0,1061.57382940065,0,0,0,0,0
18,0.0164496525740878,66827,0,0,0,0,0,0,0,0,0,0,0,0,0,0,1099.28093256857,0,0,0,0,0
19,0.0159358546820477,66827,0,0,0,0,0,0,0,0,0,0,0,0,0,0,1064.9453608372,0,0,0,0,0
20,0.0172988985962836,66827,0,0,0,0,0,0,0,0,0,0,0,0,0,0,1156.03349649384,0,0,0,0,0
21,0.0172148145369909,66827,0,0,0,0,0,0,0,0,0,0,0,0,0,0,1150.41441106349,0,0,0,0,0
22,0.0165178877106073,66827,0,0,0,0,0,0,0,0,0,0,0,0,0,0,1103.84088203675,0,0,0,0,0
23,0.0163227635666138,66827,0,0,0,0,0,0,0,0,0,0,0,0,0,0,1090.8013208661,0,0,0,0,0
24,0.0157117221232274,66827,0,0,0,0,0,0,0,0,0,0,0,0,0,0,1049.96725432892,0,0,0,0,0
25,0.0148009280473238,66827,0,0,0,0,0,0,0,0,0,0,0,0,0,0,989.101618618508,0,0,0,0,0
26,0.0154557256988422,66827,0,0,0,0,0,0,0,0,0,0,0,0,0,0,1032.85978127653,0,0,0,0,0
27,0.016114226915786,66827,0,0,0,0,0,0,0,0,0,0,0,0,0,0,1076.86544210123,0,0,0,0,0
28,0.0164635698703459,66827,0,0,0,0,0,0,0,0,0,0,0,0,0,0,1100.21098372561,0,0,0,0,0
29,0.0168416707798452,66827,0,0,0,0,0,0,0,0,0,0,0,0,0,0,1125.47833320471,0,0,0,0,0
30,0.0157525631928233,66827,0,0,0,0,0,0,0,0,0,0,0,0,0,0,1052.6965404868,0,0,0,0,0
31,0.0163565894284903,66827,0,0,0,0,0,0,0,0,0,0,0,0,0,0,1093.06180173772,0,0,0,0,0
32,0.0172722595316641,66827,0,0,0,0,0,0,0,0,0,0,0,0,0,0,1154.25328772252,0,0,0,0,0
33,0.0177715581006202,66827,0,0,0,0,0,0,0,0,0,0,0,0,0,0,1187.61991319015,0,0,0,0,0
34,0.0179344213604103,66827,0,0,0,0,0,0,0,0,0,0,0,0,0,0,1198.50357625214,0,0,0,0,0
35,0.018601060490588,66827,0,0,0,0,0,0,0,0,0,0,0,0,0,0,1243.05306940453,0,0,0,0,0
36,0.0175880918496722,66827,0,0,0,0,0,0,0,0,0,0,0,0,0,0,1175.35941403804,0,0,0,0,0
37,0.018477414824429,66827,0,0,0,0,0,0,0,0,0,0,0,0,0,0,1234.79020047212,0,0,0,0,0
38,0.0184180600871677,66827,0,0,0,0,0,0,0,0,0,0,0,0,0,0,1230.82370144516,0,0,0,0,0
39,0.0183707636570057,66827,0,0,0,0,0,0,0,0,0,0,0,0,0,0,1227.66302290672,0,0,0,0,0
40,0.0191461342377419,66827,0,0,0,0,0,0,0,0,0,0,0,0,0,0,1279.47871270558,0,0,0,0,0
41,0.0188299506355795,66827,0,0,0,0,0,0,0,0,0,0,0,0,0,0,1258.34911112387,0,0,0,0,0
42,0.0212393279864127,66827,0,0,0,0,0,0,0,0,0,0,0,0,0,0,1419.360571348,0,0,0,0,0
43,0.0204009746955504,66827,0,0,0,0,0,0,0,0,0,0,0,0,0,0,1363.33593597955,0,0,0,0,0
44,0.0220193078755006,66827,0,0,0,0,0,0,0,0,0,0,0,0,0,0,1471.48428739608,0,0,0,0,0
45,0.0234020741046274,66827,0,0,0,0,0,0,0,0,0,0,0,0,0,0,1563.89040618994,0,0,0,0,0
46,0.0239284917998893,66827,0,0,0,0,0,0,0,0,0,0,0,0,0,0,1599.0693215112,0,0,0,0,0
47,0.0243319589100168,66827,0,0,0,0,0,0,0,0,0,0,0,0,0,0,1626.03181807969,0,0,0,0,0
48,0.0242634129693171,66827,0,0,0,0,0,0,0,0,0,0,0,0,0,0,1621.45109850055,0,0,0,0,0
49,0.0269433874956565,66827,0,0,0,0,0,0,0,0,0,0,0,0,0,0,1800.54575617223,0,0,0,0,0
50,0.025870479403354,66827,0,0,0,0,0,0,0,0,0,0,0,0,0,0,1728.84652708794,0,0,0,0,0
51,0.0262029774416254,66827,0,0,0,0,0,0,0,0,0,0,0,0,0,0,1751.0663734915,0,0,0,0,0
52,0.0237231779795735,66827,0,0,0,0,0,0,0,0,0,0,0,0,0,0,1585.34881484096,0,0,0,0,0
53,0.0310212379002674,66827,0,0,0,0,0,0,0,0,0,0,0,0,0,0,2073.05626516117,0,0,0,0,0
1,0.0169120592889238,20961,0,0,0,0,0,0,0,0,0,0,0,0,0,0,0,354.493674755132,0,0,0,0
2,0.0161785503389022,20961,0,0,0,0,0,0,0,0,0,0,0,0,0,0,0,339.118593653728,0,0,0,0
3,0.0152819261869281,20961,0,0,0,0,0,0,0,0,0,0,0,0,0,0,0,320.324454804201,0,0,0,0
4,0.0167047630916925,20961,0,0,0,0,0,0,0,0,0,0,0,0,0,0,0,350.148539164967,0,0,0,0
5,0.0194705665613206,20961,0,0,0,0,0,0,0,0,0,0,0,0,0,0,0,408.122545691842,0,0,0,0
6,0.0181960488839913,20961,0,0,0,0,0,0,0,0,0,0,0,0,0,0,0,381.407380657341,0,0,0,0
7,0.0166842731041951,20961,0,0,0,0,0,0,0,0,0,0,0,0,0,0,0,349.719048537034,0,0,0,0
8,0.0222838777514595,20961,0,0,0,0,0,0,0,0,0,0,0,0,0,0,0,467.092361548344,0,0,0,0
9,0.0202766849237155,20961,0,0,0,0,0,0,0,0,0,0,0,0,0,0,0,425.019592686001,0,0,0,0
10,0.0157326716671576,20961,0,0,0,0,0,0,0,0,0,0,0,0,0,0,0,329.77253081529,0,0,0,0
11,0.01907122546429,20961,0,0,0,0,0,0,0,0,0,0,0,0,0,0,0,399.751956956983,0,0,0,0
12,0.0197544205275419,20961,0,0,0,0,0,0,0,0,0,0,0,0,0,0,0,414.072408677806,0,0,0,0
13,0.0156313161478969,20961,0,0,0,0,0,0,0,0,0,0,0,0,0,0,0,327.648017776068,0,0,0,0
14,0.0183291741527049,20961,0,0,0,0,0,0,0,0,0,0,0,0,0,0,0,384.197819414848,0,0,0,0
15,0.0154851105990743,20961,0,0,0,0,0,0,0,0,0,0,0,0,0,0,0,324.583403267196,0,0,0,0
16,0.0228094436953337,20961,0,0,0,0,0,0,0,0,0,0,0,0,0,0,0,478.108749297891,0,0,0,0
17,0.017466945489427,20961,0,0,0,0,0,0,0,0,0,0,0,0,0,0,0,366.124644403879,0,0,0,0
18,0.0188795117804065,20961,0,0,0,0,0,0,0,0,0,0,0,0,0,0,0,395.7334464291,0,0,0,0
19,0.0183543922486878,20961,0,0,0,0,0,0,0,0,0,0,0,0,0,0,0,384.726415924745,0,0,0,0
20,0.0165993203741786,20961,0,0,0,0,0,0,0,0,0,0,0,0,0,0,0,347.938354363158,0,0,0,0
21,0.0169770352896857,20961,0,0,0,0,0,0,0,0,0,0,0,0,0,0,0,355.855636707102,0,0,0,0
22,0.0234341070140822,20961,0,0,0,0,0,0,0,0,0,0,0,0,0,0,0,491.202317122177,0,0,0,0
23,0.0140136273319389,20961,0,0,0,0,0,0,0,0,0,0,0,0,0,0,0,293.739642504772,0,0,0,0
24,0.015162284690596,20961,0,0,0,0,0,0,0,0,0,0,0,0,0,0,0,317.816649399582,0,0,0,0
25,0.0186337388230566,20961,0,0,0,0,0,0,0,0,0,0,0,0,0,0,0,390.58179947009,0,0,0,0
26,0.0140303379495859,20961,0,0,0,0,0,0,0,0,0,0,0,0,0,0,0,294.08991376127,0,0,0,0
27,0.0140185164149981,20961,0,0,0,0,0,0,0,0,0,0,0,0,0,0,0,293.842122574775,0,0,0,0
28,0.0158423006748453,20961,0,0,0,0,0,0,0,0,0,0,0,0,0,0,0,332.070464445433,0,0,0,0
29,0.0172702595058646,20961,0,0,0,0,0,0,0,0,0,0,0,0,0,0,0,362.001909502429,0,0,0,0
30,0.0172530091735999,20961,0,0,0,0,0,0,0,0,0,0,0,0,0,0,0,361.640325287828,0,0,0,0
31,0.0150926934406814,20961,0,0,0,0,0,0,0,0,0,0,0,0,0,0,0,316.357947210123,0,0,0,0
32,0.0162909488763539,20961,0,0,0,0,0,0,0,0,0,0,0,0,0,0,0,341.474579397253,0,0,0,0
33,0.0159965649799472,20961,0,0,0,0,0,0,0,0,0,0,0,0,0,0,0,335.303998544673,0,0,0,0
34,0.0148592729951134,20961,0,0,0,0,0,0,0,0,0,0,0,0,0,0,0,311.465221250571,0,0,0,0
35,0.0166063482957438,20961,0,0,0,0,0,0,0,0,0,0,0,0,0,0,0,348.085666627085,0,0,0,0
36,0.0174590078020626,20961,0,0,0,0,0,0,0,0,0,0,0,0,0,0,0,365.958262539034,0,0,0,0
37,0.0176871025609106,20961,0,0,0,0,0,0,0,0,0,0,0,0,0,0,0,370.739356779247,0,0,0,0
38,0.0198222184298683,20961,0,0,0,0,0,0,0,0,0,0,0,0,0,0,0,415.49352050847,0,0,0,0
39,0.0222737307715496,20961,0,0,0,0,0,0,0,0,0,0,0,0,0,0,0,466.879670702452,0,0,0,0
40,0.0185745466242554,20961,0,0,0,0,0,0,0,0,0,0,0,0,0,0,0,389.341071791017,0,0,0,0
41,0.0195376675735969,20961,0,0,0,0,0,0,0,0,0,0,0,0,0,0,0,409.529050010164,0,0,0,0
42,0.0185709565446536,20961,0,0,0,0,0,0,0,0,0,0,0,0,0,0,0,389.265820132484,0,0,0,0
43,0.0169298657294254,20961,0,0,0,0,0,0,0,0,0,0,0,0,0,0,0,354.866915554485,0,0,0,0
44,0.0175826269795018,20961,0,0,0,0,0,0,0,0,0,0,0,0,0,0,0,368.549444117337,0,0,0,0
45,0.0245682036315083,20961,0,0,0,0,0,0,0,0,0,0,0,0,0,0,0,514.974116320046,0,0,0,0
46,0.0196592939915162,20961,0,0,0,0,0,0,0,0,0,0,0,0,0,0,0,412.078461356172,0,0,0,0
47,0.0211672659906492,20961,0,0,0,0,0,0,0,0,0,0,0,0,0,0,0,443.687062429999,0,0,0,0
48,0.0168939737265116,20961,0,0,0,0,0,0,0,0,0,0,0,0,0,0,0,354.114583281409,0,0,0,0
49,0.0242564017716322,20961,0,0,0,0,0,0,0,0,0,0,0,0,0,0,0,508.438437535183,0,0,0,0
50,0.0271802587662107,20961,0,0,0,0,0,0,0,0,0,0,0,0,0,0,0,569.725403998542,0,0,0,0
51,0.0250891347202558,20961,0,0,0,0,0,0,0,0,0,0,0,0,0,0,0,525.893352871282,0,0,0,0
52,0.0192512311603126,20961,0,0,0,0,0,0,0,0,0,0,0,0,0,0,0,403.525056351312,0,0,0,0
53,0.0479131854916583,20961,0,0,0,0,0,0,0,0,0,0,0,0,0,0,0,1004.30828109065,0,0,0,0
1,0.0139567217528697,114622,0,0,0,0,0,0,0,0,0,0,0,0,0,0,0,0,1599.74736075743,0,0,0
2,0.0165089191780017,114622,0,0,0,0,0,0,0,0,0,0,0,0,0,0,0,0,1892.28533402092,0,0,0
3,0.0166860548387941,114622,0,0,0,0,0,0,0,0,0,0,0,0,0,0,0,0,1912.58897773226,0,0,0
4,0.0157058724750753,114622,0,0,0,0,0,0,0,0,0,0,0,0,0,0,0,0,1800.23851483808,0,0,0
5,0.0169595370535201,114622,0,0,0,0,0,0,0,0,0,0,0,0,0,0,0,0,1943.93605614858,0,0,0
6,0.0174392810201947,114622,0,0,0,0,0,0,0,0,0,0,0,0,0,0,0,0,1998.92526909676,0,0,0
7,0.0163238466654682,114622,0,0,0,0,0,0,0,0,0,0,0,0,0,0,0,0,1871.0719524893,0,0,0
8,0.0142375879972749,114622,0,0,0,0,0,0,0,0,0,0,0,0,0,0,0,0,1631.94081142365,0,0,0
9,0.0159384583969867,114622,0,0,0,0,0,0,0,0,0,0,0,0,0,0,0,0,1826.89797837941,0,0,0
10,0.0168948068109071,114622,0,0,0,0,0,0,0,0,0,0,0,0,0,0,0,0,1936.5165462798,0,0,0
11,0.0163655478911402,114622,0,0,0,0,0,0,0,0,0,0,0,0,0,0,0,0,1875.85183037827,0,0,0
12,0.0148902532455802,114622,0,0,0,0,0,0,0,0,0,0,0,0,0,0,0,0,1706.75060751489,0,0,0
13,0.0170144331904198,114622,0,0,0,0,0,0,0,0,0,0,0,0,0,0,0,0,1950.2283611523,0,0,0
14,0.0188461179042023,114622,0,0,0,0,0,0,0,0,0,0,0,0,0,0,0,0,2160.17972641548,0,0,0
15,0.0186703091753492,114622,0,0,0,0,0,0,0,0,0,0,0,0,0,0,0,0,2140.02817829687,0,0,0
16,0.0201198402771308,114622,0,0,0,0,0,0,0,0,0,0,0,0,0,0,0,0,2306.17633224529,0,0,0
17,0.0204887490276072,114622,0,0,0,0,0,0,0,0,0,0,0,0,0,0,0,0,2348.46139104239,0,0,0
18,0.0210702512651668,114622,0,0,0,0,0,0,0,0,0,0,0,0,0,0,0,0,2415.11434051595,0,0,0
19,0.0224898745303192,114622,0,0,0,0,0,0,0,0,0,0,0,0,0,0,0,0,2577.83439841425,0,0,0
20,0.022410182637678,114622,0,0,0,0,0,0,0,0,0,0,0,0,0,0,0,0,2568.69995429593,0,0,0
21,0.0228355000863893,114622,0,0,0,0,0,0,0,0,0,0,0,0,0,0,0,0,2617.45069090212,0,0,0
22,0.02308542150015,114622,0,0,0,0,0,0,0,0,0,0,0,0,0,0,0,0,2646.09718319019,0,0,0
23,0.0229380188922768,114622,0,0,0,0,0,0,0,0,0,0,0,0,0,0,0,0,2629.20160147056,0,0,0
24,0.0209463873949049,114622,0,0,0,0,0,0,0,0,0,0,0,0,0,0,0,0,2400.91681597878,0,0,0
25,0.0202688808155536,114622,0,0,0,0,0,0,0,0,0,0,0,0,0,0,0,0,2323.25965684038,0,0,0
26,0.0192573950268008,114622,0,0,0,0,0,0,0,0,0,0,0,0,0,0,0,0,2207.32113276197,0,0,0
27,0.0206605208676855,114622,0,0,0,0,0,0,0,0,0,0,0,0,0,0,0,0,2368.15022289584,0,0,0
28,0.0205774507978254,114622,0,0,0,0,0,0,0,0,0,0,0,0,0,0,0,0,2358.62856534834,0,0,0
29,0.0195945414734661,114622,0,0,0,0,0,0,0,0,0,0,0,0,0,0,0,0,2245.96553277163,0,0,0
30,0.0209075551519202,114622,0,0,0,0,0,0,0,0,0,0,0,0,0,0,0,0,2396.4657866234,0,0,0
31,0.0198331961602305,114622,0,0,0,0,0,0,0,0,0,0,0,0,0,0,0,0,2273.32061027794,0,0,0
32,0.0194068213589739,114622,0,0,0,0,0,0,0,0,0,0,0,0,0,0,0,0,2224.4486778083,0,0,0
33,0.0191695063617164,114622,0,0,0,0,0,0,0,0,0,0,0,0,0,0,0,0,2197.24715819265,0,0,0
34,0.0193720646639381,114622,0,0,0,0,0,0,0,0,0,0,0,0,0,0,0,0,2220.46479590991,0,0,0
35,0.0203609874552102,114622,0,0,0,0,0,0,0,0,0,0,0,0,0,0,0,0,2333.8171040911,0,0,0
36,0.0198193577156346,114622,0,0,0,0,0,0,0,0,0,0,0,0,0,0,0,0,2271.73442008147,0,0,0
37,0.0189646470313968,114622,0,0,0,0,0,0,0,0,0,0,0,0,0,0,0,0,2173.76577203277,0,0,0
38,0.0193978451041083,114622,0,0,0,0,0,0,0,0,0,0,0,0,0,0,0,0,2223.4198015231,0,0,0
39,0.0186005356051936,114622,0,0,0,0,0,0,0,0,0,0,0,0,0,0,0,0,2132.0305921385,0,0,0
40,0.0200242990971492,114622,0,0,0,0,0,0,0,0,0,0,0,0,0,0,0,0,2295.22521111344,0,0,0
41,0.0191501393379424,114622,0,0,0,0,0,0,0,0,0,0,0,0,0,0,0,0,2195.02727119363,0,0,0
42,0.0203609937127172,114622,0,0,0,0,0,0,0,0,0,0,0,0,0,0,0,0,2333.81782133907,0,0,0
43,0.0189552765300942,114622,0,0,0,0,0,0,0,0,0,0,0,0,0,0,0,0,2172.69170643245,0,0,0
44,0.0181049680739966,114622,0,0,0,0,0,0,0,0,0,0,0,0,0,0,0,0,2075.22765057764,0,0,0
45,0.0186724544004032,114622,0,0,0,0,0,0,0,0,0,0,0,0,0,0,0,0,2140.27406828302,0,0,0
46,0.0192479539043888,114622,0,0,0,0,0,0,0,0,0,0,0,0,0,0,0,0,2206.23897242885,0,0,0
47,0.0199846194501732,114622,0,0,0,0,0,0,0,0,0,0,0,0,0,0,0,0,2290.67705061775,0,0,0
48,0.0186475070340545,114622,0,0,0,0,0,0,0,0,0,0,0,0,0,0,0,0,2137.4145512574,0,0,0
49,0.0186633322366059,114622,0,0,0,0,0,0,0,0,0,0,0,0,0,0,0,0,2139.22846762425,0,0,0
50,0.0191243777996488,114622,0,0,0,0,0,0,0,0,0,0,0,0,0,0,0,0,2192.07443215135,0,0,0
51,0.0173677999315399,114622,0,0,0,0,0,0,0,0,0,0,0,0,0,0,0,0,1990.73196375297,0,0,0
52,0.0165395012735835,114622,0,0,0,0,0,0,0,0,0,0,0,0,0,0,0,0,1895.79071498069,0,0,0
53,0.0161434984206412,114622,0,0,0,0,0,0,0,0,0,0,0,0,0,0,0,0,1850.40007597073,0,0,0
1,0.0226038896070771,36982,0,0,0,0,0,0,0,0,0,0,0,0,0,0,0,0,0,835.937045448925,0,0
2,0.0196370384291455,36982,0,0,0,0,0,0,0,0,0,0,0,0,0,0,0,0,0,726.216955186659,0,0
3,0.0224520093517554,36982,0,0,0,0,0,0,0,0,0,0,0,0,0,0,0,0,0,830.320209846618,0,0
4,0.0225909269898308,36982,0,0,0,0,0,0,0,0,0,0,0,0,0,0,0,0,0,835.457661937921,0,0
5,0.0204440518111958,36982,0,0,0,0,0,0,0,0,0,0,0,0,0,0,0,0,0,756.061924081643,0,0
6,0.0196761620373884,36982,0,0,0,0,0,0,0,0,0,0,0,0,0,0,0,0,0,727.663824466698,0,0
7,0.0199170426696398,36982,0,0,0,0,0,0,0,0,0,0,0,0,0,0,0,0,0,736.57207200862,0,0
8,0.0149022782219352,36982,0,0,0,0,0,0,0,0,0,0,0,0,0,0,0,0,0,551.116053203609,0,0
9,0.0157004408558886,36982,0,0,0,0,0,0,0,0,0,0,0,0,0,0,0,0,0,580.63370373247,0,0
10,0.0144541686002171,36982,0,0,0,0,0,0,0,0,0,0,0,0,0,0,0,0,0,534.544063173228,0,0
11,0.0131256604520856,36982,0,0,0,0,0,0,0,0,0,0,0,0,0,0,0,0,0,485.41317483903,0,0
12,0.0116011765107833,36982,0,0,0,0,0,0,0,0,0,0,0,0,0,0,0,0,0,429.034709721789,0,0
13,0.0108043666001743,36982,0,0,0,0,0,0,0,0,0,0,0,0,0,0,0,0,0,399.567085607645,0,0
14,0.0104116669245565,36982,0,0,0,0,0,0,0,0,0,0,0,0,0,0,0,0,0,385.04426620395,0,0
15,0.0112362048736002,36982,0,0,0,0,0,0,0,0,0,0,0,0,0,0,0,0,0,415.537328635482,0,0
16,0.0120892530796543,36982,0,0,0,0,0,0,0,0,0,0,0,0,0,0,0,0,0,447.084757391775,0,0
17,0.0107299252739077,36982,0,0,0,0,0,0,0,0,0,0,0,0,0,0,0,0,0,396.814096479656,0,0
18,0.0114941469350658,36982,0,0,0,0,0,0,0,0,0,0,0,0,0,0,0,0,0,425.076541952605,0,0
19,0.0137029154515905,36982,0,0,0,0,0,0,0,0,0,0,0,0,0,0,0,0,0,506.76121923072,0,0
20,0.0136965829922037,36982,0,0,0,0,0,0,0,0,0,0,0,0,0,0,0,0,0,506.527032217677,0,0
21,0.016107583848081,36982,0,0,0,0,0,0,0,0,0,0,0,0,0,0,0,0,0,595.690665869733,0,0
22,0.0171863440695206,36982,0,0,0,0,0,0,0,0,0,0,0,0,0,0,0,0,0,635.585376379011,0,0
23,0.0171414897422186,36982,0,0,0,0,0,0,0,0,0,0,0,0,0,0,0,0,0,633.926573646728,0,0
24,0.0157185229497007,36982,0,0,0,0,0,0,0,0,0,0,0,0,0,0,0,0,0,581.30241572583,0,0
25,0.0176087512032859,36982,0,0,0,0,0,0,0,0,0,0,0,0,0,0,0,0,0,651.206836999919,0,0
26,0.0201744502059473,36982,0,0,0,0,0,0,0,0,0,0,0,0,0,0,0,0,0,746.091517516343,0,0
27,0.0211524588375905,36982,0,0,0,0,0,0,0,0,0,0,0,0,0,0,0,0,0,782.260232731772,0,0
28,0.0229157710711323,36982,0,0,0,0,0,0,0,0,0,0,0,0,0,0,0,0,0,847.471045752616,0,0
29,0.0231280747379205,36982,0,0,0,0,0,0,0,0,0,0,0,0,0,0,0,0,0,855.322459957775,0,0
30,0.0202047744307838,36982,0,0,0,0,0,0,0,0,0,0,0,0,0,0,0,0,0,747.212967999246,0,0
31,0.0198901381518166,36982,0,0,0,0,0,0,0,0,0,0,0,0,0,0,0,0,0,735.577089130482,0,0
32,0.0214649944791146,36982,0,0,0,0,0,0,0,0,0,0,0,0,0,0,0,0,0,793.818425826616,0,0
33,0.0206872901895406,36982,0,0,0,0,0,0,0,0,0,0,0,0,0,0,0,0,0,765.057365789591,0,0
34,0.0193152941788202,36982,0,0,0,0,0,0,0,0,0,0,0,0,0,0,0,0,0,714.318209321129,0,0
35,0.0193804789068788,36982,0,0,0,0,0,0,0,0,0,0,0,0,0,0,0,0,0,716.728870934192,0,0
36,0.0212238548058604,36982,0,0,0,0,0,0,0,0,0,0,0,0,0,0,0,0,0,784.90059843033,0,0
37,0.0198980114696713,36982,0,0,0,0,0,0,0,0,0,0,0,0,0,0,0,0,0,735.868260171385,0,0
38,0.0227943668331718,36982,0,0,0,0,0,0,0,0,0,0,0,0,0,0,0,0,0,842.981274224361,0,0
39,0.0224189428601797,36982,0,0,0,0,0,0,0,0,0,0,0,0,0,0,0,0,0,829.097344855164,0,0
40,0.0238905865511284,36982,0,0,0,0,0,0,0,0,0,0,0,0,0,0,0,0,0,883.521671833829,0,0
41,0.0221815345988815,36982,0,0,0,0,0,0,0,0,0,0,0,0,0,0,0,0,0,820.317512535836,0,0
42,0.0248623108820262,36982,0,0,0,0,0,0,0,0,0,0,0,0,0,0,0,0,0,919.457981039092,0,0
43,0.0262429446025574,36982,0,0,0,0,0,0,0,0,0,0,0,0,0,0,0,0,0,970.516577291777,0,0
44,0.0243313034790775,36982,0,0,0,0,0,0,0,0,0,0,0,0,0,0,0,0,0,899.820265263245,0,0
45,0.0231865653137038,36982,0,0,0,0,0,0,0,0,0,0,0,0,0,0,0,0,0,857.485558431394,0,0
46,0.0227663851031734,36982,0,0,0,0,0,0,0,0,0,0,0,0,0,0,0,0,0,841.946453885559,0,0
47,0.0228928197535261,36982,0,0,0,0,0,0,0,0,0,0,0,0,0,0,0,0,0,846.622260124901,0,0
48,0.0213829939003066,36982,0,0,0,0,0,0,0,0,0,0,0,0,0,0,0,0,0,790.78588042114,0,0
49,0.0234135568405686,36982,0,0,0,0,0,0,0,0,0,0,0,0,0,0,0,0,0,865.880159077909,0,0
50,0.0239368030101255,36982,0,0,0,0,0,0,0,0,0,0,0,0,0,0,0,0,0,885.230848920461,0,0
51,0.0207635761139023,36982,0,0,0,0,0,0,0,0,0,0,0,0,0,0,0,0,0,767.878571844333,0,0
52,0.0183574499377428,36982,0,0,0,0,0,0,0,0,0,0,0,0,0,0,0,0,0,678.895213597605,0,0
53,0.0121096692743491,36982,0,0,0,0,0,0,0,0,0,0,0,0,0,0,0,0,0,447.839789103979,0,0
1,0.0228547483328985,103264,0,0,0,0,0,0,0,0,0,0,0,0,0,0,0,0,0,0,2360.07273184843,0
2,0.0251581160167025,103264,0,0,0,0,0,0,0,0,0,0,0,0,0,0,0,0,0,0,2597.92769234876,0
3,0.0257358308035133,103264,0,0,0,0,0,0,0,0,0,0,0,0,0,0,0,0,0,0,2657.584832094,0
4,0.0227648609135384,103264,0,0,0,0,0,0,0,0,0,0,0,0,0,0,0,0,0,0,2350.79059737563,0
5,0.0230444972649014,103264,0,0,0,0,0,0,0,0,0,0,0,0,0,0,0,0,0,0,2379.66696556277,0
6,0.0212684136211577,103264,0,0,0,0,0,0,0,0,0,0,0,0,0,0,0,0,0,0,2196.26146417522,0
7,0.0212586076463822,103264,0,0,0,0,0,0,0,0,0,0,0,0,0,0,0,0,0,0,2195.24885999601,0
8,0.0193815334470829,103264,0,0,0,0,0,0,0,0,0,0,0,0,0,0,0,0,0,0,2001.41466987957,0
9,0.0197862719134385,103264,0,0,0,0,0,0,0,0,0,0,0,0,0,0,0,0,0,0,2043.20958286931,0
10,0.0194132816400815,103264,0,0,0,0,0,0,0,0,0,0,0,0,0,0,0,0,0,0,2004.69311528137,0
11,0.0178852373250818,103264,0,0,0,0,0,0,0,0,0,0,0,0,0,0,0,0,0,0,1846.90114713724,0
12,0.0164796537248804,103264,0,0,0,0,0,0,0,0,0,0,0,0,0,0,0,0,0,0,1701.75496224604,0
13,0.0181305234870162,103264,0,0,0,0,0,0,0,0,0,0,0,0,0,0,0,0,0,0,1872.23037736324,0
14,0.019288701393615,103264,0,0,0,0,0,0,0,0,0,0,0,0,0,0,0,0,0,0,1991.82846071026,0
15,0.0192345564277727,103264,0,0,0,0,0,0,0,0,0,0,0,0,0,0,0,0,0,0,1986.23723495752,0
16,0.018055872399303,103264,0,0,0,0,0,0,0,0,0,0,0,0,0,0,0,0,0,0,1864.52160744163,0
17,0.0182249192032682,103264,0,0,0,0,0,0,0,0,0,0,0,0,0,0,0,0,0,0,1881.97805660629,0
18,0.0192091520146297,103264,0,0,0,0,0,0,0,0,0,0,0,0,0,0,0,0,0,0,1983.61387363872,0
19,0.0180681191379671,103264,0,0,0,0,0,0,0,0,0,0,0,0,0,0,0,0,0,0,1865.78625466304,0
20,0.0193947247851503,103264,0,0,0,0,0,0,0,0,0,0,0,0,0,0,0,0,0,0,2002.77686021376,0
21,0.0187388012634371,103264,0,0,0,0,0,0,0,0,0,0,0,0,0,0,0,0,0,0,1935.04357366756,0
22,0.0196047884630696,103264,0,0,0,0,0,0,0,0,0,0,0,0,0,0,0,0,0,0,2024.46887585042,0
23,0.0190347566763475,103264,0,0,0,0,0,0,0,0,0,0,0,0,0,0,0,0,0,0,1965.60511342635,0
24,0.0170374148822599,103264,0,0,0,0,0,0,0,0,0,0,0,0,0,0,0,0,0,0,1759.35161040168,0
25,0.0157929388068405,103264,0,0,0,0,0,0,0,0,0,0,0,0,0,0,0,0,0,0,1630.84203294957,0
26,0.0159560143110545,103264,0,0,0,0,0,0,0,0,0,0,0,0,0,0,0,0,0,0,1647.68186181673,0
27,0.0176209074850198,103264,0,0,0,0,0,0,0,0,0,0,0,0,0,0,0,0,0,0,1819.60539053309,0
28,0.0159266564449542,103264,0,0,0,0,0,0,0,0,0,0,0,0,0,0,0,0,0,0,1644.65025113175,0
29,0.01491276381712,103264,0,0,0,0,0,0,0,0,0,0,0,0,0,0,0,0,0,0,1539.95164281108,0
30,0.014518550962974,103264,0,0,0,0,0,0,0,0,0,0,0,0,0,0,0,0,0,0,1499.24364664055,0
31,0.015098636731987,103264,0,0,0,0,0,0,0,0,0,0,0,0,0,0,0,0,0,0,1559.14562349191,0
32,0.0142822764045002,103264,0,0,0,0,0,0,0,0,0,0,0,0,0,0,0,0,0,0,1474.84499063431,0
33,0.0145235977675667,103264,0,0,0,0,0,0,0,0,0,0,0,0,0,0,0,0,0,0,1499.76479987001,0
34,0.0148689868621669,103264,0,0,0,0,0,0,0,0,0,0,0,0,0,0,0,0,0,0,1535.4310593348,0
35,0.0157542043985609,103264,0,0,0,0,0,0,0,0,0,0,0,0,0,0,0,0,0,0,1626.84216301299,0
36,0.0161992900797473,103264,0,0,0,0,0,0,0,0,0,0,0,0,0,0,0,0,0,0,1672.80349079502,0
37,0.0163618048920457,103264,0,0,0,0,0,0,0,0,0,0,0,0,0,0,0,0,0,0,1689.58542037221,0
38,0.0161356009687266,103264,0,0,0,0,0,0,0,0,0,0,0,0,0,0,0,0,0,0,1666.22669843458,0
39,0.0165550894547973,103264,0,0,0,0,0,0,0,0,0,0,0,0,0,0,0,0,0,0,1709.54475746019,0
40,0.0162308040221659,103264,0,0,0,0,0,0,0,0,0,0,0,0,0,0,0,0,0,0,1676.05774654494,0
41,0.016568959246579,103264,0,0,0,0,0,0,0,0,0,0,0,0,0,0,0,0,0,0,1710.97700763873,0
42,0.0178001927596519,103264,0,0,0,0,0,0,0,0,0,0,0,0,0,0,0,0,0,0,1838.11910513269,0
43,0.0179655540303682,103264,0,0,0,0,0,0,0,0,0,0,0,0,0,0,0,0,0,0,1855.19497139195,0
44,0.0190045316706537,103264,0,0,0,0,0,0,0,0,0,0,0,0,0,0,0,0,0,0,1962.48395843839,0
45,0.019107159323055,103264,0,0,0,0,0,0,0,0,0,0,0,0,0,0,0,0,0,0,1973.08170033595,0
46,0.0200923552247682,103264,0,0,0,0,0,0,0,0,0,0,0,0,0,0,0,0,0,0,2074.81696993047,0
47,0.0207044709775607,103264,0,0,0,0,0,0,0,0,0,0,0,0,0,0,0,0,0,0,2138.02649102683,0
48,0.0207628629345837,103264,0,0,0,0,0,0,0,0,0,0,0,0,0,0,0,0,0,0,2144.05627807685,0
49,0.0224735502317168,103264,0,0,0,0,0,0,0,0,0,0,0,0,0,0,0,0,0,0,2320.708691128,0
50,0.0222337891394242,103264,0,0,0,0,0,0,0,0,0,0,0,0,0,0,0,0,0,0,2295.9500016935,0
51,0.0230456352875426,103264,0,0,0,0,0,0,0,0,0,0,0,0,0,0,0,0,0,0,2379.7844823328,0
52,0.0229368228565614,103264,0,0,0,0,0,0,0,0,0,0,0,0,0,0,0,0,0,0,2368.54807545996,0
53,0.027512610123812,103264,0,0,0,0,0,0,0,0,0,0,0,0,0,0,0,0,0,0,2841.06217182532,0
1,0.0189022851078889,196995,0,0,0,0,0,0,0,0,0,0,0,0,0,0,0,0,0,0,0,3723.65565482858
2,0.0198323649379554,196995,0,0,0,0,0,0,0,0,0,0,0,0,0,0,0,0,0,0,0,3906.87673095252
3,0.0215708668098894,196995,0,0,0,0,0,0,0,0,0,0,0,0,0,0,0,0,0,0,0,4249.35290721417
4,0.0216068269299131,196995,0,0,0,0,0,0,0,0,0,0,0,0,0,0,0,0,0,0,0,4256.43687105824
5,0.0231257609783671,196995,0,0,0,0,0,0,0,0,0,0,0,0,0,0,0,0,0,0,0,4555.65928393343
6,0.0232469335602238,196995,0,0,0,0,0,0,0,0,0,0,0,0,0,0,0,0,0,0,0,4579.52967669628
7,0.0233550080549912,196995,0,0,0,0,0,0,0,0,0,0,0,0,0,0,0,0,0,0,0,4600.81981179299
8,0.0220798040666231,196995,0,0,0,0,0,0,0,0,0,0,0,0,0,0,0,0,0,0,0,4349.61100210441
9,0.0223564566618651,196995,0,0,0,0,0,0,0,0,0,0,0,0,0,0,0,0,0,0,0,4404.11018010412
10,0.0227479756919319,196995,0,0,0,0,0,0,0,0,0,0,0,0,0,0,0,0,0,0,0,4481.23747143212
11,0.0209246304055085,196995,0,0,0,0,0,0,0,0,0,0,0,0,0,0,0,0,0,0,0,4122.04756673315
12,0.0197398876747902,196995,0,0,0,0,0,0,0,0,0,0,0,0,0,0,0,0,0,0,0,3888.65917249529
13,0.0189117818525107,196995,0,0,0,0,0,0,0,0,0,0,0,0,0,0,0,0,0,0,0,3725.52646603536
14,0.019963434482469,196995,0,0,0,0,0,0,0,0,0,0,0,0,0,0,0,0,0,0,0,3932.69677587398
15,0.0194578915108928,196995,0,0,0,0,0,0,0,0,0,0,0,0,0,0,0,0,0,0,0,3833.10733818833
16,0.0192743776716412,196995,0,0,0,0,0,0,0,0,0,0,0,0,0,0,0,0,0,0,0,3796.95602942495
17,0.01975185635769,196995,0,0,0,0,0,0,0,0,0,0,0,0,0,0,0,0,0,0,0,3891.01694318315
18,0.0189406608339624,196995,0,0,0,0,0,0,0,0,0,0,0,0,0,0,0,0,0,0,0,3731.21548098642
19,0.019606121196672,196995,0,0,0,0,0,0,0,0,0,0,0,0,0,0,0,0,0,0,0,3862.30784513841
20,0.0203203011781054,196995,0,0,0,0,0,0,0,0,0,0,0,0,0,0,0,0,0,0,0,4002.99773058088
21,0.0183235452781644,196995,0,0,0,0,0,0,0,0,0,0,0,0,0,0,0,0,0,0,0,3609.646802072
22,0.0189664255371263,196995,0,0,0,0,0,0,0,0,0,0,0,0,0,0,0,0,0,0,0,3736.2909986862
23,0.0188208593658327,196995,0,0,0,0,0,0,0,0,0,0,0,0,0,0,0,0,0,0,0,3707.61519077221
24,0.0193758482816361,196995,0,0,0,0,0,0,0,0,0,0,0,0,0,0,0,0,0,0,0,3816.94523224091
25,0.0182139562844862,196995,0,0,0,0,0,0,0,0,0,0,0,0,0,0,0,0,0,0,0,3588.05831826236
26,0.0172640640684238,196995,0,0,0,0,0,0,0,0,0,0,0,0,0,0,0,0,0,0,0,3400.93430115915
27,0.0190432717557132,196995,0,0,0,0,0,0,0,0,0,0,0,0,0,0,0,0,0,0,0,3751.42931951672
28,0.0165691563186389,196995,0,0,0,0,0,0,0,0,0,0,0,0,0,0,0,0,0,0,0,3264.04094899027
29,0.0182974817439581,196995,0,0,0,0,0,0,0,0,0,0,0,0,0,0,0,0,0,0,0,3604.51241615103
30,0.0172565954972685,196995,0,0,0,0,0,0,0,0,0,0,0,0,0,0,0,0,0,0,0,3399.46302998441
31,0.0179258882608856,196995,0,0,0,0,0,0,0,0,0,0,0,0,0,0,0,0,0,0,0,3531.31035795316
32,0.017217208508657,196995,0,0,0,0,0,0,0,0,0,0,0,0,0,0,0,0,0,0,0,3391.70399016289
33,0.0161937788757761,196995,0,0,0,0,0,0,0,0,0,0,0,0,0,0,0,0,0,0,0,3190.09346963352
34,0.0166528153416646,196995,0,0,0,0,0,0,0,0,0,0,0,0,0,0,0,0,0,0,0,3280.52135823122
35,0.0169636203102839,196995,0,0,0,0,0,0,0,0,0,0,0,0,0,0,0,0,0,0,0,3341.74838302439
36,0.0162585897931508,196995,0,0,0,0,0,0,0,0,0,0,0,0,0,0,0,0,0,0,0,3202.86089630174
37,0.0168204244958618,196995,0,0,0,0,0,0,0,0,0,0,0,0,0,0,0,0,0,0,0,3313.5395235623
38,0.0172179153220025,196995,0,0,0,0,0,0,0,0,0,0,0,0,0,0,0,0,0,0,0,3391.84322885788
39,0.0151553939347037,196995,0,0,0,0,0,0,0,0,0,0,0,0,0,0,0,0,0,0,0,2985.53682816695
40,0.0163298243469564,196995,0,0,0,0,0,0,0,0,0,0,0,0,0,0,0,0,0,0,0,3216.89374722868
41,0.0147795369574309,196995,0,0,0,0,0,0,0,0,0,0,0,0,0,0,0,0,0,0,0,2911.49488292911
42,0.0160584051896812,196995,0,0,0,0,0,0,0,0,0,0,0,0,0,0,0,0,0,0,0,3163.42553034124
43,0.0164169830409328,196995,0,0,0,0,0,0,0,0,0,0,0,0,0,0,0,0,0,0,0,3234.06357414855
44,0.0154360445963095,196995,0,0,0,0,0,0,0,0,0,0,0,0,0,0,0,0,0,0,0,3040.82360524999
45,0.0164846482752096,196995,0,0,0,0,0,0,0,0,0,0,0,0,0,0,0,0,0,0,0,3247.39328697492
46,0.0173320898288925,196995,0,0,0,0,0,0,0,0,0,0,0,0,0,0,0,0,0,0,0,3414.33503584268
47,0.0176971617525911,196995,0,0,0,0,0,0,0,0,0,0,0,0,0,0,0,0,0,0,0,3486.25237945168
48,0.0191271687254724,196995,0,0,0,0,0,0,0,0,0,0,0,0,0,0,0,0,0,0,0,3767.95660307444
49,0.0197377691049334,196995,0,0,0,0,0,0,0,0,0,0,0,0,0,0,0,0,0,0,0,3888.24182482635
50,0.0201492913586773,196995,0,0,0,0,0,0,0,0,0,0,0,0,0,0,0,0,0,0,0,3969.30965120263
51,0.0214766254651668,196995,0,0,0,0,0,0,0,0,0,0,0,0,0,0,0,0,0,0,0,4230.78783351053
52,0.0213146967514839,196995,0,0,0,0,0,0,0,0,0,0,0,0,0,0,0,0,0,0,0,4198.88868655857
53,0.0194076896681366,196995,0,0,0,0,0,0,0,0,0,0,0,0,0,0,0,0,0,0,0,3823.21782617456
