unit,unit_pop,elev
1,0,NaN
2,0,NaN
3,0,NaN
4,0,NaN
5,66947,122.58921236201772
6,0,NaN
7,18,186.11111111111111
8,0,NaN
9,11783,108.44818806755495
10,0,NaN
11,465,92.55698924731183
12,25886,1938.408212933632
13,3527,2405.6223419336548
14,5018,1559.2512953367875
15,32858,1524.2680625722808
16,25730,1091.8031092110377
17,52329,2140.124997611267
18,13657,2029.6819945815332
19,15873,2050.6918036918037
20,18692,921.5860261074256
21,9606,1467.37861753071
22,160743,291.83436914826774
23,37037,94.28841428841429
24,12465,1375.4854392298435
25,6507,1043.813124327647
26,53586,1770.7825364834098
27,458876,2236.5700821136866
28,8114,2793.633473009613
29,13916,1937.4289307272204
30,20473,1631.1598690958824
31,11403,1294.607471717969
32,8577,1676.2147604057363
33,36531,195.50450302482824
34,9586,2343.33392447319
35,86760,2109.2902720147536
36,12095,1358.948987184787
37,20482,1763.3555316863587
38,6278,633.027237973877
39,8168,1868.0017140058767
40,51997,150.03777140988902
41,5321,2082.503476790077
42,109195,67.33231375062961
43,70738,144.80834911928525
44,11222,1371.289698805917
45,36555,1701.5150321433457
46,22463,1435.7935716511597
47,6103,2036.0476814681303
48,26664,1415.1146864686468
49,74024,1920.8414703339458
50,29464,1238.1883654629378
51,22902,2077.05466771461
52,21698,1450.5546133284174
53,56407,320.69785664899746
54,50709,2090.8246070717228
55,16270,1255.779840196681
56,10256,2509.655811232449
57,222381,2045.1932943911575
58,26080,1260.9737346625766
59,26318,1253.0905083972946
60,4501,2128.90224394579
61,51086,1828.9442508710802
62,13969,1494.8524590163934
63,13846,1824.0297558861764
64,7541,1532.6296247182072
65,62165,2335.491369741816
66,6161,1941.4343450738515
67,18802,2101.5905754706946
68,6120,1203.8101307189543
69,251584,1671.1967533706436
70,33151,1632.4240596060451
71,18608,2287.7711199484093
72,15998,1703.5131891486435
73,56471,2249.73179153902
74,66850,1990.616679132386
75,13519,768.3307936977587
76,22406,2454.4601892350265
77,11683,1731.4489429084995
78,10067,792.4405483262144
79,56179,2133.9983801776466
80,2751999,2047.945764515176
81,11904,1810.5032762096773
82,4570,249.46301969365427
83,18391,373.9642216301452
84,19387,1611.4345179759632
85,26737,96.49882185735123
86,60222,71.9807047258477
87,3876,1213.7760577915376
88,19972,2008.8537452433407
89,11732,2006.687095124446
90,9838,1575.2881683268956
91,48819,308.2021548987075
92,21572,309.4678286667903
93,20285,224.94685728370717
94,28460,530.1601194659171
95,24767,2465.2454879476722
96,121244,2163.6411616244927
97,10324,1406.459511817125
98,57469,1804.5897266352295
99,21876,1717.013485097824
100,9260,2153.087149028078
101,20875,1017.1872095808383
102,8197,879.418689764548
103,22870,1765.1943594228246
104,4037,2777.0302204607383
105,26163,57.33088713068073
106,14177,870.6861113070466
107,45457,2580.8873220846076
108,35686,150.46217003867062
109,15457,1258.646244420004
110,22133,1125.8222563592826
111,26941,2195.013214060354
112,25465,1429.2746122128412
113,38973,2433.8287019218433
114,29238,1467.7208769409672
115,14736,1685.4737377850163
116,31024,2208.59486204229
117,47105,499.27226409086086
118,49183,1359.2518553158611
119,20530,1730.1784705309303
120,38244,621.3658874594707
121,16964,1196.20466871021
122,16888,1236.893711511132
123,7070,1309.468458274399
124,151220,95.41593043248247
125,9916,1382.4471561113353
126,48723,1604.2407281981816
127,21308,856.8826731743945
128,6281,1147.0592262378602
129,13788,892.0143603133159
130,9191,1004.3725383527363
131,7338,129.2666939220496
132,9973,910.593101373709
133,50789,2116.399200614306
134,24968,1166.4727651393785
135,20478,99.01342904580525
136,29766,146.8727071155009
137,121198,116.64042310929223
138,57879,155.90756578379032
139,6686,112.66856117259947
140,33873,1176.1833613792696
141,2993,130.45539592382227
142,62544,355.4462618316705
143,74875,951.7618297161937
144,59581,131.66452392541245
145,1445291,42.75371395795034
146,15197,6.373231558860302
147,15727,32.01551471990844
148,71313,81.50676594730274
149,18785,77.2055895661432
150,28860,78.33811503811503
151,141621,50.41369570896971
152,18247,31.342412451361866
153,28466,20.744396824281598
154,5113,84.08918443184041
155,19676,81.34473470217524
156,26115,26.261037717786714
157,32646,52.97436133063775
158,26793,101.67528832157653
159,36049,18.297955560487114
160,106220,75.08556768970062
161,11479,6.15219095740047
162,23649,32.503150238910735
163,562373,18.842319954905374
164,10111,6.863416081495401
165,16382,103.39970699548284
166,10848,109.57669616519173
167,8788701,3219.95693516027
168,34226,28.72409863846199
169,15582,64.06071107688358
170,21289,562.9519939875053
171,82788,31.422585398850075
172,11695,51.86259085079094
173,21416,80.56742622338439
174,26595,40.6065049821395
175,12171,268.5513104921535
176,1062333,24.505950582350355
177,11397,14.08010880056155
178,18795,81.19542431497739
179,12152,53.469140882159316
180,71530,212.80162169719
181,8131,97.37892018201943
182,9613,31.40934151669614
183,13625,24.88623853211009
184,136138,30.7178965461517
185,29699,45.72679214788377
186,10690,21.793919550982228
187,53916,27.623581126196306
188,42485,14.053006943627162
189,28576,522.6315089585667
190,27167,501.816247653403
191,143180,16.957473110769662
192,9944,33.14239742558327
193,24552,242.71904529162595
194,7283,9.784292187285459
195,17959,69.23603764129406
196,16035,18.077393202369816
197,20195,268.751671205744
198,16759,45.19923623127872
199,32926,183.1111887262346
200,16212,110.78182827535159
201,41796,465.80902478706093
202,17989,55.94207571293568
203,32721,53.68741786620213
204,50448,962.6005788138281
205,18323,249.64449053102658
206,9360,9.822435897435897
207,14718,14.7616523984237
208,123072,160.59197055382216
209,89747,104.52913189298806
210,23411,43.11968732647046
211,22980,156.89747606614446
212,11004,52.92848055252635
213,1432,2066.1920391061453
214,17962,3024.297349961029
215,6048,2814.1329365079364
216,6945,3042.6191504679628
217,1926,1599.711318795431
218,2381,2799.1003779924404
219,5879,2046.3425752679027
220,7563,2656.9131297104323
221,2678,1832.8973114264377
222,6407,2150.7187451225223
223,1152,2646.1892361111113
224,4903,2790.439730777075
225,4007,1373.8954329922635
226,3790,3094.522955145119
227,4280,2404.6191588785045
228,66865,2654.5739624616767
229,5597,3000.9401465070573
230,4752,3424.5117845117843
231,7631,3110.290918621413
232,6329,1967.2703428661716
233,7894,2856.981504940461
234,1619,1897.912909203212
235,5001,2733.139972005599
236,15624,2983.4569252432157
237,3946,1551.565382665991
238,2685,2643.033147113594
239,2750,1667.9356363636364
240,7201,1419.9486182474657
241,8460,2979.6965721040187
242,2563,3041.4705423332034
243,105233,3108.176246994764
244,4939,3722.9674023081598
245,4333,2799.87675975075
246,7046,2699.2394266250353
247,4941,2742.089050799433
248,3422,2358.595265926359
249,5123,3325.2301385906694
250,17968,2099.740316117542
251,1711,2641.663939216832
252,9607,1851.909128760279
253,3913,2198.838998211091
254,7624,3641.523871983211
255,2920,2766.601712328767
256,8033,2433.6381177642224
257,3916,2629.632277834525
258,2627,2403.9356680624287
259,2296,2878.606707317073
260,1809,1481.1370923161967
261,5382,1952.7259383128949
262,5421,1856.1071757978232
263,7760,1279.6943298969072
264,9219,1959.117474780345
265,5567,2954.4747619903
266,8911,3338.4812030075186
267,23409,1974.154812251698
268,12634,3001.637723602976
269,8423,980.3492817286003
270,18636,2635.0656793303283
271,6791,2595.1474009718745
272,3259,2691.144522859773
273,11101,840.5517520944059
274,2454,2028.893643031785
275,2863,1450.9231575270694
276,36185,2711.1570263921512
277,2884,2108.233009708738
278,1422,2761.1265822784812
279,11866,1289.7408562278779
280,3426,1248.3575598365442
281,4583,2893.595243290421
282,7608,2964.7431650893795
283,748,2142.1510695187167
284,79764,241.12463015896896
285,7479,1127.5899184382938
286,9746,2629.5662836035294
287,14805,2652.984937521108
288,5539,2758.2780285250046
289,15244,2832.1550118079244
290,4427,2359.3659362999774
291,24185,2973.0919578250982
292,1891,2050.383395029085
293,6307,1679.2476613286824
294,5565,675.9254267744834
295,3411,2487.5109938434475
296,6819,2603.5635723713153
297,10284,1002.3583236094905
298,4377,1051.6616403929631
299,13654,3061.725501684488
300,2827,2400.47293951185
301,8233,1501.985788898336
302,2267,2885.8301720335244
303,1134,2778.3500881834216
304,8209,3119.1117066634183
305,4918,2269.4914599430663
306,6976,3190.9992832568805
307,7171,3015.2015060660997
308,117220,3088.740923050674
309,3792,1936.026371308017
310,3678,2942.9910277324634
311,7743,2877.1171380601836
312,8285,2913.1030778515387
313,3087,2901.261742792355
314,6771,2458.6024220942254
315,5228,1832.4340091813312
316,6578,3273.271055031925
317,4440,1854.7628378378379
318,10298,2401.45766168188
319,18217,2631.871548553549
320,3449,2436.3456074224414
321,3179,2082.569046870085
322,10667,2982.767507265398
323,4782,1975.0970305311585
324,3658,2796.1153635866594
325,5450,3218.2128440366973
326,192733,2867.2340491768405
327,2436,1309.7040229885058
328,6043,2670.5593248386563
329,10712,2710.568427931292
330,2007,3259.495764823119
331,10955,2684.329529895025
332,17977,2946.218223285309
333,17345,2461.6055347362353
334,3632,2872.5575440528632
335,6177,2407.620527764287
336,16028,1802.0300099825306
337,30832,1327.2772444213804
338,10468,2142.8478219335116
339,12128,1166.965286939314
340,45882,1310.671875681095
341,11915,1207.5655895929501
342,79350,197.39818525519848
343,4921,1325.5771184718553
344,413776,1992.8479007965664
345,21784,1975.2426092544988
346,7964,1350.012682069312
347,15161,1334.9300837675614
348,4673,3107.5287823667877
349,37612,1967.0769701159204
350,7160,471.61983240223464
351,13222,1740.785433368628
352,18852,1167.925472098451
353,28968,2250.553093068213
354,62423,2184.597888598754
355,12125,1222.7854845360825
356,17765,2480.650773993808
357,26196,1039.2541227668346
358,6970,1267.3018651362984
359,29879,1488.4797014625656
360,10465,379.1280458671763
361,67144,3004.523323007268
362,11643,1038.109593747316
363,4248,263.8731167608286
364,14516,803.906999173326
365,32117,227.6437400753495
366,11430,241.59343832020997
367,20569,570.4394963294278
368,29788,1111.005941990063
369,184634,1050.503942935754
370,33288,896.0279079548186
371,10435,229.87752755150933
372,3686,259.2287032013022
373,26817,801.5791102658761
374,14712,950.8931484502447
375,125392,764.783494959806
376,7154,252.33142298015096
377,7602,223.71981057616418
378,11741,238.01703432416318
379,55884,429.2777539188319
380,6073,1699.907623909106
381,19617,184.52816434724983
382,1555,2607.0739549839227
383,13850,168.0249097472924
384,20769,496.3803264480716
385,10103,298.7129565475601
386,11640,147.56898625429554
387,42374,139.5768395714353
388,9024,268.5107491134752
389,33296,1404.0519281595386
390,2528,565.7227056962025
391,1191,1561.328295549958
392,41683,158.50447424609553
393,9767,1266.69407187468
394,39229,316.188737923475
395,20795,138.13349362827603
396,29488,216.63900569723276
397,218301,324.3826505604647
398,24712,2229.8311346714145
399,28170,2002.152644657437
400,28593,1544.8636029797503
401,45118,1692.2144598608095
402,50205,1259.0860472064535
403,46054,1720.0759543145004
404,38455,1926.3514757508776
405,48180,1289.0061228725613
406,34508,1913.537469572273
407,64452,1409.6480636752933
408,5865,1654.1176470588234
409,35765,651.4693415350202
410,34190,2683.8719216145073
411,22393,2509.162774081186
412,11432,1575.0461861441568
413,60604,2426.0799122170156
414,20930,558.5276158623984
415,21092,952.2465389721222
416,59402,1854.129844112993
417,28780,1839.1476719944405
418,8992,990.5408140569396
419,34493,2572.959614994347
420,40850,1021.4642350061199
421,11211,883.8115243956828
422,49155,1698.5180551317262
423,326251,1950.7248958623882
424,45904,963.8952596723597
425,43657,3061.453581327164
426,12952,1629.4348363187153
427,18320,2879.7544213973797
428,11774,2275.5176660438256
429,101447,1289.6601476633118
430,36557,2890.8987881937796
431,23508,2653.6946571379954
432,12564,1642.335323145495
433,8926,1333.4308760923145
434,30905,1702.2179582591814
435,21332,477.4035720982561
436,33054,2810.6750166394386
437,24180,2710.1543837882546
438,17555,968.8304756479636
439,100030,305.54285714285714
440,53512,771.6381559276424
441,16775,73.94217585692995
442,14920,579.7224530831099
443,41388,84.50521890403016
444,33362,165.31448953899647
445,22000,203.7965
446,26299,410.31620974181527
447,28445,402.1995781332396
448,24113,44.78501223406461
449,19367,59.28672484122476
450,5438,1389.6715704303053
451,14314,238.51292440966887
452,21683,464.03186828390903
453,23527,998.1892719003698
454,14103,1477.536836134156
455,17737,534.0538422506625
456,15559,320.49206247188124
457,24754,1660.0405591015594
458,17840,631.7418161434978
459,26677,327.95629193687444
460,15463,177.95091508762854
461,18881,241.81664106774005
462,18909,37.33835739594902
463,488629,699.8271551627104
464,10121,213.1935579488193
465,36661,209.61708627697007
466,9952,78.14147909967846
467,15200,860.223552631579
468,10269,263.7504138669783
469,26942,161.44094721995398
470,15712,36.83452138492871
471,13011,208.32887556682806
472,8067,101.19077724060989
473,30994,512.5753694263406
474,7928,95.81104944500504
475,20579,1633.0182710530153
476,11412,98.37337889940413
477,20144,403.3034154090548
478,30106,73.32302531056932
479,3110,222.41897106109326
480,13341,222.79259425830148
481,27802,132.2232573196173
482,14503,63.67365372681514
483,15554,56.54262569114054
484,10573,633.7189066490116
485,10016,222.97633785942492
486,154807,386.51464081081605
487,4111,254.37801021649233
488,11014,105.0994189213728
489,14536,164.102504127683
490,1948,1265.6858316221767
491,6973,703.2710454610641
492,14455,237.86343825665858
493,17025,203.37039647577092
494,6990,106.2412017167382
495,58766,38.031463771568596
496,24203,50.07656075693096
497,26742,123.22560017949293
498,98022,21.92027299993879
499,20385,12.246750061319597
500,59013,74.00999779709555
501,73286,59.47564336981142
502,16019,5.864348586054061
503,14781,49.451796224883296
504,29176,79.09045105566219
505,18326,24.566844919786096
506,22691,45.669604689083776
507,95954,224.60045438439252
508,494958,58.2664791760109
509,78640,83.00412004069176
510,48066,74.05746265551534
511,36753,51.863739014502215
512,68610,441.2910800174902
513,13497,38.01481810772764
514,84154,70.40838225158637
515,10928,40.83519399707174
516,244221,88.66494281818517
517,45539,14.553547508728782
518,27730,62.0250631085467
519,44263,39.150147979124775
520,147842,35.80591442215338
521,117832,420.7940287867472
522,48643,149.22782311946222
523,11725,415.70754797441367
524,9484,2152.8806410797133
525,15342,754.1701864163733
526,14190,1802.000986610289
527,11011,2175.3678140041775
528,2282,421.7046450482033
529,2275,1490.4043956043956
530,21146,2589.5919795706045
531,30607,3261.7191165419677
532,10564,1378.7131768269594
533,64733,2596.7897208533514
534,16007,868.1919785094021
535,16203,2014.6396346355614
536,10233,3082.973810221831
537,3270,978.4752293577982
538,181004,2647.138958255066
539,22579,3176.6273085610524
540,16285,2870.8015965612526
541,28066,2842.4028361718806
542,27806,2946.162662734662
543,33594,2592.151783056498
544,6723,2822.152461698646
545,24113,1422.32443080496
546,4799,1314.4917691185665
547,20266,2642.179857890062
548,150408,2695.0311020690388
549,11050,2903.1745701357468
550,7487,2404.5325230399358
551,86666,2551.2621212470867
552,5518,2643.9836897426603
553,140754,1688.5602469556816
554,6235,2224.9398556535684
555,19394,2656.0067031040526
556,11849,2418.6868934087265
557,3963,2372.085036588443
558,104488,373.3718991654544
559,16531,2600.204343354909
560,13114,2782.3265212749734
561,41954,725.6187729417934
562,17271,3052.604828903943
563,2723,451.0330517811238
564,8698,2944.200620832375
565,3542,1601.446922642575
566,5281,2001.4086347282712
567,34347,3466.955978688095
568,2712,665.5700589970502
569,7409,2724.3332433526793
570,43989,2963.0325081270316
571,35656,1063.5606630020193
572,7285,1325.8474948524365
573,7658,1064.4149908592321
574,15509,1661.9793023405764
575,11324,2876.904715648181
576,7723,2680.2940567137125
577,88501,2573.131184958362
578,3342,2264.162776780371
579,8664,1046.427862419206
580,164463,2572.5288180320194
581,4085,521.2396572827417
582,16027,2673.8639171398268
583,36652,602.8248935938011
584,7486,1050.112743788405
585,6308,1133.0654724159797
586,28751,2196.38471705332
587,5198,1267.8909195844556
588,6216,1407.382561132561
589,8518,357.1488612350317
590,29149,3287.8374215238946
591,20910,244.32898134863703
592,2928,960.3309426229508
593,4744,1149.2183811129848
594,8131,2193.1453695732384
595,6906,1442.403417318274
596,8849,659.291784382416
597,11668,337.76765512512856
598,13851,1849.2775972853944
599,24500,3305.716612244898
600,6054,2419.144367360423
601,10961,2205.5361737067788
602,9451,956.5766585546503
603,10686,1606.5230207748457
604,47262,2843.411239473573
605,51955,2844.740044269079
606,25088,2101.337970344388
607,12819,2660.348077073095
608,620983,2847.692328131366
609,38820,2700.490649149923
610,19958,2973.092193606574
611,19817,2811.383357723167
612,4698,2152.8974031502767
613,16027,2868.443563985774
614,5765,2799.3189939288814
615,39051,2768.6916596245933
616,9963,3228.105088828666
617,9541,1448.6376690074417
618,24217,2611.9266630879133
619,5859,1167.5492404847244
620,2691,2313.473429951691
621,21969,523.299194319268
622,44914,2640.469163289843
623,3827,1289.8272798536714
624,12128,1702.4048482849605
625,8157,2701.344734583793
626,24430,3137.1120343839543
627,5242,742.1549027088897
628,3482,2336.3753589890866
629,6248,1399.4841549295775
630,4308,1613.150417827298
631,39802,2714.8325209788454
632,1910,1817.807329842932
633,20028,2974.611743559017
634,24705,1124.4195911758754
635,13086,1223.556472566101
636,16341,885.4584174775106
637,6966,2450.151449899512
638,132607,2948.674112226353
639,451,144.81152993348115
640,2622,102.59382151029749
641,0,NaN
642,5277,188.64695849914725
643,278,195.23741007194243
644,6,159.83333333333334
645,88,124.0340909090909
646,36146,125.30620262269684
647,0,NaN
648,2552,275.6512539184953
649,29556,214.754804439031
650,78,218.73076923076923
651,93931,207.8654224909774
652,44379,1754.1111561774712
653,10152,940.9293735224586
654,36859,796.2821563254564
655,26301,2035.9749439184823
656,5027,980.2393077382136
657,8796,1283.281491587085
658,37472,940.5483294192998
659,15653,2341.891586277391
660,4411,1256.1924733620494
661,101382,1668.5781696948177
662,37903,1361.622114344511
663,26610,1618.5425779782038
664,7904,1012.7219129554655
665,21272,2214.81614328695
666,31524,2126.62441314554
667,15640,2339.723337595908
668,48259,1877.6658032698565
669,6560,1568.9327743902438
670,365297,1163.5591696619463
671,14187,1909.757031084796
672,5984,1143.1138034759358
673,37597,837.7656993909088
674,20832,1790.0294258832566
675,15609,1460.8523928502786
676,123619,1552.408084517752
677,21794,1404.0431311370103
678,12433,2311.7435051878065
679,42819,2554.2044886615754
680,13663,2227.6604698821634
681,22505,1496.295845367696
682,19452,1406.7935944889985
683,14715,976.7717295276929
684,3963,1411.6719656825637
685,10262,1023.7901968427207
686,20991,1387.6210280596447
687,8407,482.50517425954564
688,9967,720.4387478679643
689,41851,394.69341234379107
690,39072,1275.3848791973792
691,15145,470.0486629250578
692,7172,667.3225041829336
693,34586,504.4124212108946
694,26886,406.7340251431972
695,5174,923.9947816003092
696,200582,83.40077374839218
697,157339,22.36823673723616
698,295716,295.681025037536
699,42318,770.6772531783165
700,221834,64.35653686991174
701,23127,1225.5578760755827
702,23869,453.3757174577904
703,14821,120.91147695836987
704,48187,1987.376242555046
705,38758,105.37594819134114
706,9102,19.089650626235994
707,20233,99.4157070132951
708,122782,1307.474206316887
709,9940,32.58329979879276
710,53798,33.27945276776088
711,19265,22.771139371917986
712,25721,13.771237510205669
713,69343,992.5209610198579
714,31643,41.57140599816705
715,21519,104.24694456062085
716,7885,37.734559289790745
717,21466,63.31454392993571
718,48991,57.35618787124166
719,66237,78.24436493198665
720,35562,7.425819695180248
721,7316,5.155686167304538
722,14967,132.95022382575
723,8777,5.665261478865216
724,18658,51.92576910708543
725,9321,32.660980581482676
726,30622,51.0405264189145
727,9195,35.06808047852093
728,561234,1102.7128826835153
729,92765,3.397994933433946
730,13566,75.11602535751143
731,8955,34.967280848687885
732,65730,34.092043207059184
733,78908,1011.9800273736503
734,4998,238.41056422569028
735,4464,183.850582437276
736,11614,329.65446874461855
737,18547,302.05240739742277
738,2590,2119.7737451737453
739,5942,899.0695052170986
740,3724,679.0236305048335
741,14055,275.2675916044112
742,67051,343.68491148528733
743,19726,2998.7683767616345
744,49442,315.1754378868169
745,19444,1530.4932112734004
746,7200,1853.8559722222221
747,14213,207.45556884542322
748,9569,883.3393249033337
749,25155,209.83192208308486
750,319,167.92789968652036
751,12515,240.56667998401917
752,38011,199.08273920707163
753,19979,229.75274037739626
754,13492,669.7940260895346
755,17116,236.22160551530732
756,9671,442.70261606865887
757,2070,2656.572463768116
758,38090,3630.540588080861
759,31862,235.77270730023224
760,521551,485.86335181027357
761,29413,390.04120626933667
762,22792,1957.9021586521587
763,6645,3127.5945823927764
764,5634,1846.3947461838836
765,8278,1905.2184102440203
766,47885,467.88002506003966
767,6419,2420.390559277146
768,33093,2571.105702112229
769,14564,1934.6966492721779
770,10756,1967.8733730011156
771,11380,2309.8807557117752
772,6894,2857.654046997389
773,11662,2705.5749442634196
774,8256,3064.9347141472867
775,24875,3176.4453065326634
776,18609,1066.1160191305282
777,36126,632.6212423185517
778,5120,1125.6638671875
779,11183,1074.522400071537
780,14165,2750.162089657607
781,11370,1782.876868953386
782,17913,30.268296767710602
783,6725,2854.152565055762
784,15032,3215.532331027142
785,9212,2433.3882978723404
786,5596,3061.073624017155
787,10334,2820.5088058834913
788,7235,2437.8558396682793
789,142093,1845.9644810089167
790,21832,2862.796033345548
791,9428,2115.4505727619858
792,6609,1437.0226963231955
793,12653,11.601043230854343
794,24725,1572.3528008088979
795,14912,1372.7725321888413
796,9641,1485.4396846800125
797,10913,1518.4006231100523
798,26034,120.5552738726281
799,24582,2479.6754942640955
800,18621,13.087696686536706
801,5530,2418.7493670886074
802,33047,17.462492813265953
803,8159,2892.534746905258
804,18105,985.1309030654515
805,15184,2957.21614857745
806,12036,2508.2277334662676
807,8771,2599.7124615209214
808,21348,3075.8327712197865
809,22273,1446.8964216764693
810,27226,48.73753030191728
811,67341,1456.3914108789593
812,20706,2506.9577417173764
813,474872,3003.183723192776
814,21797,1743.2737073909254
815,18072,2289.820219123506
816,8471,2297.8069885491677
817,25703,1922.578842936622
818,16169,139.29302987197724
819,65704,2198.345641056861
820,6823,3148.2755386193758
821,22029,1111.2748649507466
822,10327,3094.656144088312
823,208171,75.68691124123917
824,44856,2972.130261280542
825,11669,2522.9036764075754
826,39818,1838.5488974835503
827,8510,2164.157696827262
828,8492,1469.8512717852095
829,4582,1713.8343518114361
830,12518,1833.2679341747883
831,2757,2790.9078708741386
832,17801,1635.2853210493793
833,11259,2588.019184652278
834,14503,792.8407915603668
835,8245,2359.820982413584
836,3536,991.7429298642534
837,15067,977.7914647906019
838,9324,481.66698841698843
839,31141,405.9920683343502
840,5853,1566.918674184179
841,10494,1141.5122927387079
842,4522,2361.8980539584254
843,13307,520.258660855189
844,9318,1596.27666881305
845,6095,2313.185561936013
846,85230,792.472439281943
847,3340,1531.4080838323353
848,4018,3170.9482329517173
849,101957,1429.0387614386457
850,58637,2619.768593209066
851,5933,2052.2148997134673
852,10435,54.85309056061332
853,8769,1794.3353860189304
854,8780,1832.6830296127562
855,14780,1088.4418809201625
856,8719,465.054019956417
857,676588,237.44900293827263
858,2672,767.4255239520958
859,6486,3403.421523280913
860,24358,614.428606617949
861,26678,810.451233225879
862,38529,160.14111448519296
863,17684,1752.8736145668402
864,5866,2357.658881691101
865,100059,842.2734186829771
866,5356,2610.867998506348
867,68964,750.3255321617075
868,73200,265.815
869,13946,298.0495482575649
870,28280,253.0723125884017
871,12481,216.65459498437625
872,16091,2516.7864644832516
873,35525,293.3288669950739
874,48465,1380.2818941504179
875,16987,2584.2709130511566
876,17076,2562.6234481143124
877,81912,330.1522487547612
878,23317,908.7464939743535
879,313298,1294.8750454838525
880,3062,1310.6254082299151
881,97001,1751.201668024041
882,35501,1585.673642995972
883,5742,2282.386450714037
884,21240,1774.7350282485875
885,9784,2472.4198691741617
886,55685,1147.3400915866032
887,49149,1189.8526928320007
888,6051,2375.8345727978844
889,35650,1225.91206171108
890,14842,2798.0097021964693
891,19980,1906.873923923924
892,7811,1118.1917808219177
893,27371,1575.5491213327975
894,204940,1620.6952181126182
895,15610,1901.2862908392055
896,7858,1554.2574446424026
897,32249,997.4830227293869
898,26907,1358.5234697290668
899,16289,1765.3199091411382
900,523155,1688.2980646271183
901,13264,1392.5620476477684
902,35337,1522.0435520842177
903,95003,2471.9321389850847
904,16390,1847.9316046369738
905,57,3.0
906,4722,91.08746293943244
907,75592,23.687744734892583
908,1582,1751.146017699115
909,7465,2262.293101138647
910,9825,1377.8262595419847
911,30759,1735.8049026301246
912,6865,1225.1399854333577
913,217789,93.8401663995886
914,7077,594.906598841317
915,20810,685.096732340221
916,586047,1112.6847983182236
917,9685,897.5860609189468
918,2121,2719.7543611504007
919,6309,1569.3097162783326
920,4985,3149.0974924774323
921,2562,1482.043325526932
922,6622,3387.4261552401085
923,12525,2042.3564870259481
924,5726,1872.4516241704505
925,3196,1737.6645807259074
926,5773,1898.7491772042265
927,45698,153.07208192918728
928,6248,3109.391965428937
929,2887,1656.0744717700034
930,2978,1817.6406984553391
931,8142,2573.828297715549
932,13888,1664.528081797235
933,25855,902.3462386385612
934,1841,1611.2020640956002
935,4804,1860.4208992506244
936,25685,1164.9245084679774
937,12118,3397.313500577653
938,5997,2047.570451892613
939,8569,1670.5244485937683
940,301876,1416.373865428189
941,2854,1566.9036440084092
942,6240,2302.7828525641025
943,231776,819.9642974251001
944,6513,3032.330569629971
945,4301,1354.622878400372
946,2237,1263.547161376844
947,3947,1865.196858373448
948,3880,1474.2809278350514
949,3166,1834.4835754895767
950,2931,2109.351757079495
951,1033,970.2371732817038
952,9661,1058.879826104958
953,5332,1346.3387096774193
954,17941,707.6572097430467
955,45787,692.5678904492542
956,15573,1205.7755731073012
957,2067,2461.829221093372
958,18945,2518.5050409078913
959,9109,1923.2079262268087
960,10920,1806.4075091575091
961,4269,1932.4607636448818
962,4938,1608.9467395706763
963,13479,1678.7645225906967
964,5831,2749.9998285028296
965,5844,807.8151950718686
966,3293,1290.3085332523535
967,4889,1573.7829822049498
968,178130,1775.3543816313927
969,6858,1410.2131816856227
970,14442,2095.1236670821218
971,10151,122.15929465077332
972,35671,67.7471335258333
973,28839,507.8572766045979
974,24051,113.72870150929275
975,8485,2535.3360047142014
976,4167,1282.9424046076315
977,49668,1487.3904526052993
978,2545,2047.3163064833007
979,4401,1869.3128834355828
980,2051,2305.096538274013
981,40977,542.3378236571735
982,6803,2015.7836248713802
983,4176,1023.1748084291188
984,10520,589.1287072243346
985,34149,1348.2722188058215
986,11308,1671.9718783162364
987,17009,1359.769181021812
988,3638,2553.3449697636065
989,19640,2210.3671588594707
990,4010,1541.5760598503741
991,16491,1254.7609605239222
992,2587,3439.8643216080404
993,7503,1314.846194855391
994,9114,1317.5739521615099
995,10763,77.59862491870297
996,14668,25.695868557403873
997,4224,338.00497159090907
998,5516,192.52266134880347
999,72577,130.89165989225236
1000,13118,16.957844183564568
1001,14468,71.62786839922587
1002,22063,51.97878801613561
1003,18948,22.307525860249104
1004,13997,66.17960991641066
1005,18735,200.5063784360822
1006,32609,19.282222699254806
1007,18979,153.48464091891037
1008,21457,254.94542573519132
1009,41796,124.76129294669346
1010,23910,37.545713090757005
1011,28796,23.37123211557161
1012,14426,143.22937751282407
1013,63181,32.285639670154005
1014,54257,52.54381923069834
1015,17806,128.10210041559026
1016,38545,107.15548060708264
1017,288324,125.83641667013498
1018,22979,14.55328778449889
1019,36371,12.497071842951803
1020,20459,70.71992766019845
1021,5359,1125.7270013062139
1022,12834,759.1192145862552
1023,8215,255.66086427267194
1024,30604,2928.969775192785
1025,13048,379.51463825873697
1026,24204,1139.5184680218147
1027,23067,2798.183335500932
1028,11487,447.34717506746756
1029,7606,2518.090849329477
1030,52167,1820.5224758947227
1031,13393,469.3604868214739
1032,31031,467.1942573555477
1033,10440,845.9562260536399
1034,8393,1454.7738591683546
1035,85259,326.9596640823843
1036,10469,889.6377877543223
1037,34074,292.73343311615895
1038,31554,1429.805286176079
1039,38723,347.01709578286807
1040,10101,2719.3160083160083
1041,27182,360.9840703406666
1042,629313,1920.6654288088757
1043,13078,1405.7964520568894
1044,19167,548.0165910158084
1045,42175,1495.0642797866035
1046,45325,608.1440706012135
1047,5621,3166.624088240527
1048,24877,639.3219037665314
1049,35451,806.5448365349356
1050,9196,1351.6274467159635
1051,7449,544.1428379648275
1052,29796,2700.7448315210095
1053,9147,588.3273204329288
1054,32601,467.0226986902242
1055,26215,2864.1618539004385
1056,5776,3012.3019390581717
1057,25944,1753.6551032994141
1058,15416,314.94492734820966
1059,14772,2046.5992418088274
1060,23129,554.7659215703229
1061,38089,668.1872981700753
1062,7810,3065.975544174136
1063,6380,389.13166144200625
1064,7550,826.2704635761589
1065,21247,569.3360474419918
1066,10717,2449.79854436876
1067,5076,1732.928486997636
1068,32396,1252.2028028151624
1069,16297,1044.8194759771736
1070,20686,1242.7146862612394
1071,5186,1593.02448900887
1072,17749,1526.8985294946194
1073,520385,822.6766932175217
1074,22447,1124.9041742771863
1075,27455,1424.0362411218357
1076,18121,1335.5753545610066
1077,97097,966.9298639504825
1078,137432,1004.1687962046685
1079,48671,1627.9589488607178
1080,10711,1802.157968443656
1081,10076,1863.736006351727
1082,64713,1799.0559238483768
1083,8741,1521.6081684017847
1084,66346,2180.7027552527657
1085,22714,2004.0876551906313
1086,36367,1206.6980504303351
1087,125992,2420.108975173027
1088,207234,1288.521516739531
1089,12098,1498.5849727227642
1090,38953,1154.6963263420018
1091,16575,1032.9282654600302
1092,19396,1056.8805939368942
1093,330551,1783.229038786753
1094,61008,1942.437155782848
1095,19808,1499.0370557350566
1096,14834,1430.0170554132399
1097,34870,1322.532205334098
1098,22439,1273.444360265609
1099,2457001,1481.6619077485113
1100,43503,1996.741787922672
1101,16115,1222.584114179336
1102,18090,1751.0280818131564
1103,224780,2100.1453510098763
1104,8369,1216.812163938344
1105,6797,1640.1864057672503
1106,11791,1442.2563819862607
1107,17546,1219.9660891371252
1108,127808,1306.752229907361
1109,49284,975.1129169710251
1110,562,218.44839857651246
1111,54572,215.72060763761635
1112,1112,199.85071942446044
1113,142,206.70422535211267
1114,0,NaN
1115,154,194.44805194805195
1116,49,151.71428571428572
1117,2353,133.88057798555036
1118,15029,78.96406946569965
1119,2157,133.44042651831248
